date,Open,High,Low,Close,Volume,symbol,Bollinger_Middle,Bollinger_Upper,Bollinger_Lower,Bollinger_%B,Bollinger_Width,RSI_14,MACD,MACD_Signal,MACD_Diff,Return,Return_next,Close_next
2025-11-12,275.0,275.73,271.7,273.47,48397982,AAPL,266.025,279.8814403798378,252.16855962016214,0.7686476395060707,27.71288075967564,66.99488737242467,4.303791963681249,4.173779749265439,0.13001221441581023,-0.006466848319709229,-0.0019014882802502742,272.95
2025-11-13,274.11,276.699,272.09,272.95,49602794,AAPL,267.3,278.52868825820724,256.0713117417928,0.7515877131004284,22.457376516414456,65.63415869450273,4.262118032678302,4.191447405948011,0.07067062673029056,-0.0019014882802502742,-0.0019783843194722817,272.41
2025-11-14,271.05,275.96,269.6,272.41,47431331,AAPL,268.306,277.37229450216574,259.2397054978342,0.7263328198206929,18.13258900433152,64.17641743684682,4.137819448186747,4.180721814395759,-0.04290236620901222,-0.0019783843194722817,-0.01817113909181034,267.46
2025-11-17,268.815,270.49,265.73,267.46,45018260,AAPL,268.567,277.21044167562906,259.92355832437096,0.4359630086287669,17.286883351258098,52.63582553009559,3.5984080848593294,4.064259068488473,-0.465850983629144,-0.01817113909181034,-7.477753682783028e-05,267.44
2025-11-18,269.99,270.71,265.32,267.44,45677278,AAPL,268.80049999999994,277.0481650635195,260.5528349364804,0.41752211143869034,16.495330127039097,52.59467230761043,3.133189403222673,3.878045135435314,-0.744855732212641,-7.477753682783028e-05,0.004187855219862424,268.56
2025-11-19,265.525,272.21,265.5,268.56,40424492,AAPL,269.306,276.05780390710515,262.5541960928948,0.4447555045833797,13.50360781421034,54.72925395593657,2.822340699339577,3.6669042482161665,-0.8445635488765895,0.004187855219862424,-0.008601429848078657,266.25
2025-11-20,270.83,275.43,265.92,266.25,45823568,AAPL,269.6395,274.93957349005655,264.33942650994345,0.18024028286031984,10.600146980113095,49.75319795002206,2.362361336475658,3.405995665868065,-1.043634329392407,-0.008601429848078657,0.019680751173708932,271.49
2025-11-21,265.95,273.33,265.67,271.49,59030832,AAPL,270.073,274.3999901779413,265.7460098220587,0.6637396829814637,8.653980355882595,58.88523275634586,2.3930628460669254,3.2034091019078375,-0.810346255840912,0.019680751173708932,0.01631735975542381,275.92
2025-11-24,270.9,277.0,270.9,275.92,65585796,AAPL,270.4285,275.40200691162687,265.4549930883731,1.0520752356010807,9.94701382325377,64.72255164428503,2.743235677272992,3.1113744169808686,-0.3681387397078768,0.01631735975542381,0.003805450855320469,276.97
2025-11-25,275.27,280.38,275.25,276.97,46914220,AAPL,270.827,276.50596856832294,265.14803143167705,1.0408552562049238,11.357937136645887,65.9562890540167,3.070086349274618,3.103116803439619,-0.03303045416500083,0.003805450855320469,0.002094089612593386,277.55
2025-11-26,276.96,279.53,276.63,277.55,33431423,AAPL,271.21950000000004,277.57718660756416,264.8618133924359,0.9978619103738299,12.715373215128238,66.65010365524225,3.3374470028454084,3.149982843320777,0.18746415952463158,0.002094089612593386,0.004683840749414525,278.85
2025-11-28,277.26,279.0,275.9865,278.85,20135620,AAPL,271.592,278.768596965136,264.41540303486397,1.0056714230476842,14.353193930272028,68.21377520139396,3.612587719998089,3.24250381865624,0.3700839013418493,0.004683840749414525,0.01524116908732287,283.1
2025-12-01,278.01,283.42,276.14,283.1,46587722,AAPL,272.2285,280.95037886868414,263.50662113131585,1.123231540111964,17.443757737368287,72.71744325779437,4.126016057140475,3.419206266353087,0.7068097907873883,0.01524116908732287,0.010914871070293097,286.19
2025-12-02,283.0,287.4,282.6301,286.19,53669532,AAPL,273.0855,283.5782355346449,262.5927644653552,1.1244558416978878,20.9854710692897,75.44188024888969,4.727750326330238,3.6809150783485176,1.0468352479817202,0.010914871070293097,-0.007128131660784853,284.15
2025-12-03,286.2,288.62,283.3,284.15,43538687,AAPL,273.79100000000005,285.22499300332123,262.3570069966789,0.952991356431257,22.867986006642354,70.44070829772133,4.982582014996524,3.941248465678119,1.0413335493184048,-0.007128131660784853,-0.012141474573288735,280.7
2025-12-04,284.095,284.73,278.59,280.7,43989056,AAPL,274.319,286.0024051543203,262.63559484567975,0.7730796337076618,23.366810308640538,62.85224732725637,4.850241235290696,4.123047019600635,0.7271942156900613,-0.012141474573288735,-0.006840042750267283,278.78
2025-12-05,280.54,281.14,278.05,278.78,47265845,AAPL,274.7695,286.4113030819971,263.12769691800287,0.672245655237109,23.28360616399425,59.04031259745981,4.538119641671699,4.206061544014847,0.33205809765685146,-0.006840042750267283,-0.003192481526651747,277.89
2025-12-08,278.13,279.6693,276.15,277.89,36406317,AAPL,275.2405,286.5831178195334,263.8978821804666,0.6167940259539212,22.685235639066832,57.30533775085792,4.170866317421201,4.199022498696118,-0.028156181274917813,-0.003192481526651747,-0.0025549677930115644,277.18
2025-12-09,278.16,280.03,276.92,277.18,31753410,AAPL,275.62800000000004,286.67581897027634,264.58018102972375,0.5702401082139179,22.095637940552592,55.89421618110755,3.778962814747274,4.11501056190635,-0.3360477471590757,-0.0025549677930115644,0.005772422252687592,278.78
2025-12-10,277.75,279.75,276.44,278.78,33038318,AAPL,275.8045,286.9350048852241,264.67399511477595,0.6336641972077106,22.26100977044814,58.381374355170855,3.5564861352762023,4.00330567658032,-0.4468195413041176,0.005772422252687592,-0.0026902934213358654,278.03
2025-12-11,279.095,279.59,273.81,278.03,33247986,AAPL,276.03249999999997,287.14918993001044,264.9158100699895,0.5898423907015513,22.233379860020932,56.7654612743819,3.2818222281661065,3.8590089868974773,-0.5771867587313708,-0.0026902934213358654,0.0008991835413445504,278.28
2025-12-12,277.9,279.22,276.82,278.28,39532887,AAPL,276.299,287.36275144333945,265.2352485566605,0.5895265954836948,22.12750288667894,57.19080901599989,3.0491730447816963,3.6970417984743214,-0.6478687536926251,0.0008991835413445504,-0.014984907287623805,274.11
2025-12-15,280.15,280.15,272.84,274.11,50409078,AAPL,276.384,287.3526451305527,265.41535486944736,0.3963408892833137,21.937290261105318,48.60174409277539,2.4995000601382458,3.4575334508071065,-0.9580333906688607,-0.014984907287623805,0.001824085221261429,274.61
2025-12-16,272.82,275.5,271.79,274.61,37648628,AAPL,276.7415,286.9641127286519,266.51888727134804,0.39574583051425827,20.445225457303877,49.57953307954055,2.080246296555572,3.1820760199567997,-1.1018297234012278,0.001824085221261429,-0.010087032518845018,271.84
2025-12-17,275.01,276.16,271.64,271.84,50138743,AAPL,276.9615,286.5432311066423,267.3797688933577,0.2327466225570825,19.16346221328456,44.52589783681126,1.5070959541868092,2.847080006802802,-1.3399840526159927,-0.010087032518845018,0.0012875220718069347,272.19
2025-12-18,273.605,273.63,266.95,272.19,51630721,AAPL,277.143,286.20468880507354,268.0813111949264,0.22670657166979588,18.123377610147145,45.28479417286196,1.0687918859014758,2.491422382622537,-1.422630496721061,0.0012875220718069347,0.0054373783019214805,273.67
2025-12-19,272.145,274.6,269.9,273.67,144632048,AAPL,277.514,285.2757327962251,269.7522672037749,0.252374881941986,15.52346559245018,48.493518534897916,0.8312739761519765,2.1593927013284246,-1.3281187251764481,0.0054373783019214805,-0.00986589688310735,270.97
2025-12-22,272.86,273.88,270.505,270.97,36571827,AAPL,277.488,285.3333084069395,269.6426915930605,0.08459249388879905,15.690616813879046,43.4835386122058,0.4203266226314213,1.8115794855890242,-1.3912528629576029,-0.00986589688310735,0.005129719157102253,272.36
2025-12-23,270.84,272.5,269.56,272.36,29641999,AAPL,277.31,285.44570402608133,269.1742959739187,0.19578539336415465,16.271408052162656,46.54531709257128,0.20445246676626994,1.4901540818244734,-1.2857016150582035,0.005129719157102253,0.005323836099280221,273.81
2025-12-24,272.34,275.43,272.195,273.81,17910574,AAPL,277.152,285.4294817426555,268.87451825734445,0.29812700867837727,16.554963485311077,49.61196630506965,0.14865986639586026,1.221855238738751,-1.0731953723428906,0.005323836099280221,-0.0014973887001936692,273.4
2025-12-26,274.16,275.37,272.86,273.4,21521802,AAPL,276.94449999999995,285.3782594819864,268.5107405180135,0.2898623972161749,16.867518963972884,48.7601539227209,0.0705470328704223,0.9915935975650852,-0.921046564694663,-0.0014973887001936692,0.0013167520117045584,273.76
2025-12-29,272.69,274.36,272.35,273.76,23715213,AAPL,276.69,285.1853657955379,268.1946342044621,0.3275530406507654,16.990731591075814,49.57875887551699,0.03726151335195027,0.8007271807224583,-0.763465667370508,0.0013167520117045584,-0.002483927527761609,273.08
2025-12-30,272.81,274.08,272.28,273.08,22139617,AAPL,276.18899999999996,284.2856682036499,268.09233179635004,0.3080074469027604,16.193336407299853,48.01825789269932,-0.04348653200696617,0.6318844381765735,-0.6753709701835396,-0.002483927527761609,-0.004467555295151526,271.86
2025-12-31,273.06,273.68,271.75,271.86,27293639,AAPL,275.4725,282.3461158606657,268.59888413933436,0.23721982190824933,13.747231721331332,45.265480266805625,-0.20357703441629837,0.46479214365799915,-0.6683691780742975,-0.004467555295151526,-0.003126609284190507,271.01
2026-01-02,272.255,277.84,269.0,271.01,37838054,AAPL,274.8155,280.6843141050807,268.94668589491926,0.17578628903022248,11.73762821016146,43.39873285572386,-0.39449036782059466,0.2929356413622804,-0.687426009182875,-0.003126609284190507,-0.01383712778126267,267.26
2026-01-05,270.64,271.51,266.14,267.26,45647190,AAPL,274.1435,280.23679886022296,268.0502011397771,-0.06484181704392633,12.186597720445889,36.28849119103795,-0.8387160237035118,0.06660530834912196,-0.9053213320526338,-0.01383712778126267,-0.018334206390780428,262.36
2026-01-06,267.0,267.55,262.12,262.36,52352090,AAPL,273.3225,280.93189386547925,265.71310613452073,-0.22032675623037462,15.218787730958525,29.4897577604591,-1.568081241005416,-0.2603320015217856,-1.3077492394836303,-0.018334206390780428,-0.007737459978655381,260.33
2026-01-07,263.2,263.68,259.81,260.33,48309804,AAPL,272.44449999999995,281.63187933254045,263.25712066745945,-0.1593011761848116,18.374758665081004,27.214918179134997,-2.283588676315958,-0.6649833364806201,-1.6186053398353377,-0.007737459978655381,-0.004955249106902593,259.04
2026-01-08,257.02,259.29,255.7,259.04,50419337,AAPL,271.5375,282.14732916921815,260.9276708307819,-0.08895858739453105,21.21965833843626,25.850263104390805,-2.9210536051055556,-1.1161973902056073,-1.8048562148999483,-0.004955249106902593,0.0012739345274861424,259.37
2026-01-09,259.075,260.21,256.22,259.37,39996967,AAPL,270.567,281.87716551602983,259.2568344839702,0.005002823162465436,22.620331032059653,26.86062284368893,-3.3608787931303823,-1.5651336707905623,-1.79574512233982,0.0012739345274861424,0.0033928364884141526,260.25
2026-01-12,259.16,261.3,256.8,260.25,45263767,AAPL,269.678,281.2929637967576,258.0630362032424,0.09414423647915732,23.229927593515185,29.614856822443386,-3.596971133683951,-1.9715011633692403,-1.6254699703147106,0.0033928364884141526,0.00307396733909715,261.05
2026-01-13,258.72,261.81,258.39,261.05,45730847,AAPL,268.8165,280.30685469426373,257.3261453057363,0.16204263459868443,22.98070938852743,32.11750259890641,-3.677134977323533,-2.312627926160099,-1.364507051163434,0.00307396733909715,-0.0041754453169892125,259.96
2026-01-14,259.49,261.82,256.71,259.96,40019421,AAPL,268.109,279.9457781089276,256.2722218910724,0.15577626255180813,23.673556217855207,30.52494736484006,-3.7849883023708344,-2.6071000014022463,-1.177888300968588,-0.0041754453169892125,-0.006731804893060467,258.21
2026-01-15,260.65,261.04,257.05,258.21,39388564,AAPL,267.289,279.47773069683575,255.10026930316423,0.12756581362664168,24.377461393671524,28.11459364141902,-3.9659561404862416,-2.8788712292190457,-1.0870849112671959,-0.006731804893060467,-0.010379148754889322,255.53
2026-01-16,257.9,258.9,254.93,255.53,72142773,AAPL,266.4735,279.4895474415233,253.4574525584767,0.07961508479569412,26.032094883046625,24.875133070145623,-4.276333151653773,-3.1583636137059914,-1.1179695379477819,-0.010379148754889322,-0.03455562947599111,246.7
2026-01-20,252.73,254.79,243.42,246.7,77280987,AAPL,265.199,280.51509206031307,249.88290793968696,-0.10390731288219722,30.632184120626107,17.65648663875467,-5.175160346709163,-3.561722960306626,-1.6134373864025369,-0.03455562947599111,0.0038508309687881326,247.65
2026-01-21,248.7,251.56,245.18,247.65,54641725,AAPL,263.898,280.48275758038034,247.31324241961968,0.010152622935493018,33.16951516076065,20.335069732213526,-5.744610025493785,-3.9983003733440574,-1.7463096521497272,0.0038508309687881326,0.0028265697557035008,248.35
2026-01-22,249.2,251.0,248.15,248.35,39708340,AAPL,262.767,280.3249886091768,245.20901139082324,0.08944613984813456,35.11597721835355,22.339698329354206,-6.069453961572947,-4.412531090989836,-1.6569228705831112,0.0028265697557035008,-0.0012482383732635993,248.04
2026-01-23,247.32,249.41,244.68,248.04,41688982,AAPL,261.55100000000004,279.6435431048258,243.45845689517424,0.1266141271097408,36.18508620965159,22.07478032861873,-6.279523097115629,-4.785929492214994,-1.4935936049006342,-0.0012482383732635993,0.029712949524270282,255.41
2026-01-26,251.48,256.56,249.8,255.41,55969234,AAPL,260.631,277.99303547974654,243.2689645202534,0.34964320554204437,34.72407095949313,40.22379275524923,-5.784625432972547,-4.985668680366505,-0.7989567526060419,0.029712949524270282,0.011197682158098576,258.27
2026-01-27,259.17,261.95,258.21,258.27,48787855,AAPL,259.8745,276.23471084827383,243.51428915172616,0.4509633459226075,32.720421696547675,45.52589718819991,-5.10281529231375,-5.009098002755954,-0.09371728955779535,0.011197682158098576,-0.0070856080845626,256.44
2026-01-28,257.65,258.855,254.51,256.44,41287971,AAPL,259.0085,274.1232084325162,243.89379156748385,0.4150330947015018,30.229416865032363,42.90359153690432,-4.656464722939319,-4.938571346792628,0.2821066238533092,-0.0070856080845626,0.007175167680548933,258.28
2026-01-29,258.0,259.65,254.41,258.28,67253009,AAPL,258.2685,271.9348356829831,244.60216431701699,0.5004207418969762,27.332671365966092,46.2556314336826,-4.106914109065485,-4.7722398992472,0.6653257901817149,0.007175167680548933,0.004646120489391503,259.48
2026-01-30,255.165,261.8999,252.18,259.48,92443408,AAPL,257.64950000000005,269.83899789777973,245.4600021022204,0.5750851271869609,24.378995795559348,48.38393412768083,-3.5338255755851833,-4.524557034514797,0.9907314589296137,0.004646120489391503,0.040581162324649256,270.01
2026-02-02,260.03,270.49,259.205,270.01,73913425,AAPL,257.5995,269.57571221421756,245.62328778578237,1.0181312662974886,23.952424428435194,62.43985959292586,-2.204553071284863,-4.06055624186881,1.8560031705839473,0.040581162324649256,-0.0019628902633235246,269.48
2026-02-03,269.2,271.875,267.61,269.48,63799388,AAPL,257.7105,270.0775764127976,245.3434235872024,0.9758400290880708,24.734152825595203,61.53161042408184,-1.1802563448810588,-3.4844962624712603,2.3042399175902015,-0.0019628902633235246,0.026013062193854797,276.49
2026-02-04,272.285,278.95,272.285,276.49,90545710,AAPL,258.41700000000003,273.1532941067277,243.68070589327237,1.1132138741635522,29.47258821345531,68.13395376270384,0.19490782930864725,-2.748615444115279,2.943523273423926,0.026013062193854797,-0.0020977250533472658,275.91
2026-02-05,278.13,279.5,273.23,275.91,52977441,AAPL,259.196,275.7851559761182,242.60684402388188,1.0037628202441877,33.1783119522363,67.10768521986165,1.2238266799779467,-1.9541270192966338,3.1779536992745805,-0.0020977250533472658,0.00800985828712264,278.12
2026-02-06,277.12,280.905,276.925,278.12,50453414,AAPL,260.15,278.67507273939776,241.62492726060222,0.9850183384646779,37.05014547879554,69.02235875733665,2.192309236143558,-1.1248397682085955,3.3171490043521534,0.00800985828712264,-0.01258449590104993,274.62
2026-02-09,277.905,278.2,271.7,274.62,44623396,AAPL,260.9125,280.47284751736225,241.3521524826378,0.8503899914823312,39.12069503472446,62.78871020936987,2.6469060053771614,-0.3704906134914442,3.0173966188686054,-0.01258449590104993,-0.0034229116597480624,273.68
2026-02-10,274.885,275.37,272.94,273.68,34376898,AAPL,261.58399999999995,281.91421337812216,241.25378662187774,0.7974882696759306,40.66042675624442,61.1903310371642,2.8979216393307183,0.2831918370729883,2.61472980225773,-0.0034229116597480624,0.006650102309266215,275.5
2026-02-11,274.695,280.18,274.45,275.5,51931283,AAPL,262.3065,283.5174295175855,241.09557048241453,0.8110071152011877,42.421859035170996,63.146495051219766,3.2067467469657913,0.867902819051549,2.338843927914242,0.006650102309266215,-0.04998185117967324,261.73
2026-02-12,275.59,275.72,260.18,261.73,81077229,AAPL,262.39500000000004,283.5807843848176,241.20921561518247,0.48430551383132686,42.37156876963513,44.762890021343715,2.3136980791930455,1.1570618710798484,1.1566362081131971,-0.04998185117967324,-0.022733351163412796,255.78
2026-02-13,262.01,262.23,255.45,255.78,56290673,AAPL,262.2735,283.5814142808483,240.9655857191517,0.34762703861080363,42.61582856169662,39.422279876964495,1.1130052702065427,1.1482505509051872,-0.03524528069864452,-0.022733351163412796,0.03166783954961283,263.88
2026-02-17,258.05,266.29,255.54,263.88,58469094,AAPL,262.691,283.7801250648285,241.60187493517145,0.528189884510263,42.178250129657044,48.440736130427865,0.8057615563828904,1.079752752000728,-0.2739911956178376,0.03166783954961283,0.0017811126269517974,264.35
2026-02-18,263.6,266.82,262.45,264.35,34203337,AAPL,263.5735,283.34833276793967,243.7986672320604,0.5196335415098655,39.54966553587926,48.915964110055675,0.593353956590704,0.9824729929187233,-0.38911903632801925,0.0017811126269517974,-0.01426139587667874,260.58
2026-02-19,262.6,264.48,260.05,260.58,30845294,AAPL,264.22,282.67136309327793,245.7686369067221,0.40136230094225045,36.90272618655584,45.30849126536035,0.11943513673537609,0.8098654216820539,-0.6904302849466778,-0.01426139587667874,0.015350372246526911,264.58
2026-02-20,258.97,264.75,258.16,264.58,42070499,AAPL,265.0315,281.9865349748969,248.07646502510306,0.4866853710219859,33.910069949793865,49.558986933183654,0.0658584529543873,0.6610640279365205,-0.5952055749821332,0.015350372246526911,0.0060473202812005855,266.18
2026-02-23,263.49,269.43,263.381,266.18,37308155,AAPL,265.9385,280.99519987082084,250.88180012917908,0.5080196856572821,30.113399741641757,51.19296700649146,0.1507672226079535,0.5590046668708072,-0.4082374442628537,0.0060473202812005855,0.022390863325569166,272.14
2026-02-24,267.86,274.89,267.71,272.14,47014619,AAPL,266.775,281.2465977003224,252.30340229967754,0.6853630853724075,28.943195400644868,56.80599708180619,0.6910146378908735,0.5854066610748205,0.10560797681605294,0.022390863325569166,0.007679870654810239,274.23
2026-02-25,271.78,274.94,271.05,274.23,33714342,AAPL,267.573,281.83933533883095,253.30666466116904,0.7333114931723429,28.532670677661912,58.60387167848884,1.2731342408858382,0.7229521770370241,0.5501820638488141,0.007679870654810239,-0.00466761477591815,272.95
2026-02-26,274.945,276.11,270.795,272.95,32345114,AAPL,268.3985,281.8816825249077,254.91531747509234,0.6687843352855272,26.96636504981538,57.038026566972434,1.612593938492921,0.9008805293282035,0.7117134091647176,-0.00466761477591815,-0.03213042681809852,264.18
2026-02-27,272.81,272.81,262.89,264.18,72366505,AAPL,268.6935,281.5204423870217,255.8665576129782,0.324061734128989,25.65388477404352,47.64484499279255,1.1605741125326858,0.9528192459691,0.20775486656358588,-0.03213042681809852,0.002044060867590458,264.72
2026-03-02,262.41,266.53,260.2,264.72,41827946,AAPL,268.9555,281.22073130641957,256.6902686935804,0.3273371331454999,24.530462612839187,48.21039327721953,0.8362785325064692,0.9295111032765738,-0.0932325707701046,0.002044060867590458,-0.0036642490178302456,263.75
2026-03-03,263.48,265.56,260.13,263.75,38568921,AAPL,268.64250000000004,281.1020776413158,256.18292235868427,0.30366509440189277,24.91915528263155,47.22358707568485,0.4952916418021118,0.8426672109816815,-0.3473755691795697,-0.0036642490178302456,-0.004663507109004761,262.52
2026-03-04,264.65,266.15,261.42,262.52,39803119,AAPL,268.2945,281.02687523009655,255.56212476990348,0.2732355552029922,25.464750460193073,45.93949699235123,0.12437266313855844,0.6990083014130569,-0.5746356382744985,-0.004663507109004761,-0.00849459088831317,260.29
2026-03-05,260.79,261.555,257.25,260.29,49658626,AAPL,267.4845,280.08886983748005,254.88013016251998,0.21460294751878006,25.20873967496007,43.62348242722188,-0.34554246445412673,0.4900981482396203,-0.835640612693747,-0.00849459088831317,-0.010872488378347422,257.46
2026-03-06,258.63,258.77,254.37,257.46,41120042,AAPL,266.562,279.2650084625642,253.8589915374358,0.14173841075428562,25.406016925128398,40.81155293308374,-0.9355267671041929,0.20497316517085765,-1.1404999322750506,-0.010872488378347422,0.009399518371785875,259.88
2026-03-09,255.69,261.15,253.6805,259.88,38218533,AAPL,265.65000000000003,277.49279527814184,253.8072047218582,0.25639197231376276,23.685590556283643,44.128135930476034,-1.1940554741137248,-0.07483256268605887,-1.119222911427666,0.009399518371785875,0.003655533323072113,260.83
2026-03-10,257.645,262.48,256.95,260.83,30590765,AAPL,264.9605,276.22568792563976,253.69531207436032,0.31666972502966506,22.530375851279445,45.42105686923606,-1.3072155098150802,-0.32130915211186317,-0.985906357703217,0.003655533323072113,-7.66782962081658e-05,260.81
2026-03-11,261.09,262.13,259.55,260.81,26218927,AAPL,264.317,274.9700504551504,253.66394954484966,0.33539925888999655,21.306100910300728,45.39723919648575,-1.3825720561928847,-0.5335617329280675,-0.8490103232648172,-7.66782962081658e-05,-0.01936275449560987,255.76
2026-03-12,258.66,258.95,254.18,255.76,40794020,AAPL,263.33000000000004,273.29109230958034,253.36890769041975,0.12002159177264927,19.92218461916059,39.731882064119226,-1.8287052813470837,-0.7925904426118708,-1.0361148387352128,-0.01936275449560987,-0.02205192367844855,250.12
2026-03-13,255.48,256.33,249.52,250.12,36929988,AAPL,262.7495,274.2501199398111,251.24888006018892,-0.04907909600077883,23.001239879622176,34.546566937396264,-2.607314443147743,-1.1555352427190453,-1.4517792004286978,-0.02205192367844855,0.010794818487126046,252.82
2026-03-16,252.105,253.885,249.88,252.82,32074209,AAPL,262.6015,274.5254612126164,250.6775387873836,0.08983848464508201,23.84792242523278,38.67284222042774,-2.97223826571917,-1.5188758473190704,-1.4533624184000997,0.010794818487126046,0.005577090420061603,254.23
2026-03-17,252.955,255.13,252.18,254.23,32361607,AAPL,262.119,274.566454197545,249.67154580245503,0.18310789199144137,24.89490839508997,40.77268997520158,-3.111796949890902,-1.8374600678334367,-1.2743368820574652,0.005577090420061603,-0.016874483735200396,249.94
2026-03-18,252.625,254.94,249.0,249.94,35757874,AAPL,261.39849999999996,274.87190977629564,247.92509022370425,0.07477356548008593,26.946819552591393,36.659792907030585,-3.5278979480323756,-2.175547643873225,-1.3523503041591507,-0.016874483735200396,-0.00392094102584617,248.96
2026-03-19,249.4,251.83,247.3,248.96,34864082,AAPL,260.8175,275.3430566158403,246.29194338415974,0.09184008180900714,29.051113231680546,35.77207281647806,-3.8918756765132514,-2.51881325040123,-1.3730624261120212,-0.00392094102584617,-0.003896208226221054,247.99
2026-03-20,247.975,249.1999,246.0,247.99,88331081,AAPL,259.988,275.42552519026225,244.55047480973775,0.11140144381535513,30.8750503805245,34.87196849438858,-4.210070470320034,-2.8570646943849907,-1.353005775935043,-0.003896208226221054,0.014113472317432096,251.49
2026-03-23,253.97,254.6,250.28,251.49,40546109,AAPL,259.25350000000003,274.8398482252894,243.66715177471065,0.2509519263978885,31.17269645057877,40.67271891143932,-4.132188095435652,-3.112089374595123,-1.0200987208405286,0.014113472317432096,0.0005964451866873333,251.64
2026-03-24,250.35,254.825,249.55,251.64,45152288,AAPL,258.2285,272.9632362039496,243.49376379605042,0.2764296588413306,29.46947240789916,40.91560181301105,-4.012112866162312,-3.292094072908561,-0.7200187932537507,0.0005964451866873333,0.003894452392306569,252.62
2026-03-25,254.095,255.0,251.6,252.62,28476668,AAPL,257.14799999999997,270.09110565513475,244.20489434486515,0.3250806212725461,25.8862113102696,42.56985474005387,-3.79413810970982,-3.392502880268813,-0.40163522944100727,0.003894452392306569,0.0010687989866200454,252.89
2026-03-26,252.115,257.0,250.77,252.89,41796650,AAPL,256.145,266.9702214757936,245.31977852420638,0.349656655650023,21.650442951587223,43.04300440843116,-3.558583663945484,-3.4257190370041473,-0.13286462694133672,0.0010687989866200454,-0.016173039661512845,248.8
2026-03-27,253.9,255.493,248.07,248.8,47899998,AAPL,255.37600000000003,265.9919095700738,244.7600904299263,0.19027618610572106,21.231819140147508,37.94337299597931,-3.659746606278901,-3.4725245508590983,-0.18722205541980275,-0.016173039661512845,-0.008721864951768521,246.63
2026-03-30,250.07,250.87,245.51,246.63,39446213,AAPL,254.47150000000002,264.8282123644516,244.11478763554848,0.1214290923577614,20.713424728903107,35.53764789617344,-3.870404220856045,-3.552100484858488,-0.31830373599755735,-0.008721864951768521,0.02903134249685757,253.79
2026-03-31,247.91,255.48,247.101,253.79,49598091,AAPL,253.9735,263.41512332440686,244.53187667559314,0.4902823914016112,18.883246648813724,47.39026267197507,-3.4201740987058713,-3.5257152076279645,0.10554110892209323,0.02903134249685757,0.0072500886559754285,255.63
2026-04-01,254.08,256.18,253.33,255.63,40059432,AAPL,253.629,262.26669622063565,244.99130377936433,0.6158294960188324,17.275392441271322,49.937726768155336,-2.8816727312240573,-3.3969067123471834,0.5152339811231261,0.0072500886559754285,0.0011344521378555683,255.92
2026-04-02,254.2,256.13,250.65,255.92,31289369,AAPL,253.4105,261.5710624193424,245.2499375806576,0.6537577847607596,16.321124838684824,50.34582299990442,-2.4037964720149603,-3.198284664280739,0.7944881922657787,0.0011344521378555683,0.01148796498905913,258.86
2026-04-06,256.51,262.16,256.46,258.86,29329911,AAPL,253.48049999999998,261.80125110792187,245.15974889207806,0.8232580767184833,16.641502215843815,54.403843785637385,-1.7674683889079574,-2.912121409206183,1.1446530202982257,0.01148796498905913,-0.020706173221046176,253.5
2026-04-07,256.155,256.2,245.7,253.5,62148008,AAPL,253.1615,260.9484898548787,245.37451014512126,0.5217349711704033,15.573979709757424,46.88136651736112,-1.6763570031242807,-2.6649685279898025,0.9886115248655218,-0.020706173221046176,0.02130177514792897,258.9
2026-04-08,258.45,259.7499,256.53,258.9,41032772,AAPL,253.06499999999997,260.5097874382002,245.62021256179975,0.8918849294514324,14.889574876400445,53.810628832161704,-1.155100424483237,-2.3629949072884897,1.2078944828052527,0.02130177514792897,0.006141367323291069,260.49
2026-04-09,259.0,261.12,256.07,260.49,28121574,AAPL,253.04900000000004,260.42822462051294,245.6697753794871,1.0041857635906182,14.75844924102583,55.645338808395266,-0.6067073737020223,-2.0117374005711963,1.405030026869174,0.006141367323291069,-3.838918960419324e-05,260.48
2026-04-10,259.98,262.19,259.023123,260.48,31291473,AAPL,253.285,261.272754377795,245.29724562220494,0.9503768931604379,15.975508755590084,55.63037214825104,-0.17093837524146238,-1.6435775955052496,1.4726392202637872,-3.838918960419324e-05,-0.004914004914005066,259.2
2026-04-13,259.73,260.18,256.66,259.2,36234698,AAPL,253.73899999999998,261.98361982143405,245.4943801785659,0.8311856773433445,16.489239642868142,53.641567089964276,0.07031583580584311,-1.3007989092430312,1.3711147450488743,-0.004914004914005066,-0.001427469135802495,258.83
2026-04-14,259.245,261.93,257.19,258.83,48370710,AAPL,254.0395,262.561665159159,245.517334840841,0.7810612039624397,17.044330318318032,53.05115998816276,0.22901567824118274,-0.9948359917461885,1.2238516699873712,-0.001427469135802495,0.029362902291079074,266.43
2026-04-15,258.16,266.56,257.81,266.43,49913510,AAPL,254.6495,264.7409091681976,244.55809083180236,1.0836895424439552,20.182818336395258,62.243709649065615,0.9570111026193899,-0.6044665728730728,1.5614776754924629,0.029362902291079074,-0.011372593176444235,263.4
2026-04-16,266.8,267.16,261.27,263.4,43323112,AAPL,255.3225,265.85355858876414,244.79144141123584,0.8835084541556948,21.062117177528307,57.416854823681504,1.2747623769599272,-0.2286207829064728,1.5033831598664,-0.011372593176444235,0.025930144267274358,270.23
2026-04-17,266.96,272.3,266.72,270.23,61436228,AAPL,256.386,268.3329450488392,244.43905495116087,1.079394981035138,23.89389009767831,64.16309792985885,2.05402890384255,0.22790915444333174,1.826119749399218,0.025930144267274358,0.010435554897679777,273.05
2026-04-20,270.33,274.275,270.29,273.05,36590169,AAPL,257.639,270.97649136831893,244.3015086316811,1.0777323326561383,26.674982736637844,66.52142636077565,2.8661148846896936,0.7555503004926042,2.1105645841970895,0.010435554897679777,-0.025196850393700787,266.17
2026-04-21,271.5,272.8,265.4,266.17,50209755,AAPL,258.373,271.89066266778326,244.85533733221675,0.7884004502709873,27.03532533556651,56.715288671090995,2.920870398063471,1.1886143200067776,1.7322560780566933,-0.025196850393700787,0.026298981853702497,273.17
2026-04-22,267.82,273.74,266.87,273.17,43249204,AAPL,259.44950000000006,274.03769313691663,244.86130686308348,0.9702604315430658,29.176386273833145,62.73447709738138,3.4888883028656323,1.6486691165785485,1.8402191862870838,0.026298981853702497,0.0009517882637184449,273.43
2026-04-23,275.045,275.77,271.65,273.43,33399639,AAPL,260.49,275.92526093073843,245.05473906926161,0.9191701085606768,30.870521861476817,62.94061677464568,3.914897905740645,2.101914874410968,1.812983031329677,0.0009517882637184449,-0.008667666313133204,271.06
2026-04-24,272.755,273.06,269.65,271.06,38157110,AAPL,261.3985,277.07455725302054,245.72244274697945,0.8081610332259528,31.35211450604109,59.698862375205096,4.014992062913507,2.4845303121114757,1.530461750802031,-0.008667666313133204,-0.01272780934110529,267.61
2026-04-27,266.09,268.36,265.07,267.61,41466762,AAPL,262.339,277.10967080399456,247.56832919600544,0.6784279153582697,29.541341607989125,55.23872540600158,3.7724448406083297,2.7421132178108465,1.0303316227974832,-0.01272780934110529,0.011584021523859178,270.71
2026-04-28,272.335,273.23,268.66,270.71,40018940,AAPL,263.543,276.8484291174684,250.2375708825316,0.7693261501273407,26.610858234936813,58.25657442388864,3.786717588481906,2.9510340919450586,0.8356834965368476,0.011584021523859178,-0.001994754534372478,270.17
2026-04-29,267.55,271.04,267.04,270.17,30047869,AAPL,264.36199999999997,277.1725668883143,251.55143311168564,0.7266878605230987,25.621133776628653,57.52896490342616,3.711669540935759,3.103161181743199,0.6085083591925597,-0.001994754534372478,0.004367620387163651,271.35
2026-04-30,270.5,276.0,268.14,271.35,91848230,AAPL,265.148,277.6442515979783,252.65174840202172,0.7481544146007506,24.9925031959566,58.741623350288855,3.7047040388305845,3.223469753160676,0.48123428566990833,0.004367620387163651,0.032393587617468134,280.14
2026-05-01,278.855,287.22,278.37,280.14,79915442,AAPL,266.359,279.7085706297983,253.00942937020164,1.0161589230907042,26.699141259596672,66.43077630054313,4.358224468362607,3.450420696201063,0.9078037721615444,0.032393587617468134,-0.011815520811023106,276.83
2026-05-04,279.655,280.63,274.8601,276.83,46668401,AAPL,267.2575,280.8833282317066,253.63167176829333,0.851263051214944,27.251656463413298,61.76291492361595,4.556529939154245,3.6716425447916996,0.8848873943625457,-0.011815520811023106,0.02655059061517906,284.18
2026-05-05,276.925,284.57,276.501,284.18,49311712,AAPL,268.7915,282.7797454582401,254.80325454175988,1.0500511141994249,27.976490916480202,67.26367361139178,5.246295992462194,3.9865732343257987,1.2597227581363954,0.02655059061517906,0.011717925258638795,287.51
2026-05-06,281.915,288.03,281.07,287.51,58336072,AAPL,270.22200000000004,285.649047157508,254.79495284249208,1.0603146157359842,30.854094315015914,69.41075335693895,5.992565168216686,4.387771621103976,1.6047935471127097,0.011717925258638795,-0.0002434697923550111,287.44
2026-05-07,289.27,292.13,285.78,287.44,45224300,AAPL,271.56949999999995,288.03401636094947,255.10498363905043,0.9819607102957985,32.929032721899034,69.30784772703237,6.503373608842367,4.810892018651654,1.6924815901907122,-0.0002434697923550111,0.020456443083773923,293.32
2026-05-08,290.01,294.76,290.0,293.32,52692761,AAPL,273.2115,291.3861276715638,255.03687232843615,1.0532025294653469,36.34925534312768,72.93734701486277,7.298526961368566,5.308419007195037,1.9901079541735287,0.020456443083773923,-0.002181917359879937,292.68
2026-05-11,291.979,293.88,290.23,292.68,42247285,AAPL,274.8855,293.744133540105,256.02686645989496,0.9717865682621705,37.717267080210036,71.94015663145215,7.787282129742437,5.8041916317045175,1.9830904980379191,-0.002181917359879937,0.007243405767391131,294.8
2026-05-12,292.56,295.27,292.56,294.8,45748129,AAPL,276.684,295.9316309191541,257.43636908084596,0.9706033712952188,38.495261838308124,73.24504372343705,8.250582821434307,6.293469869650475,1.9571129517838317,0.007243405767391131,0.013805970149253666,298.87
2026-05-13,293.5,300.92,293.5,298.87,52684260,AAPL,278.306,299.2192153434132,257.39278465658674,0.9916508452268387,41.826430686826484,75.59179353952143,8.844216322658042,6.803619160251989,2.040597162406053,0.013805970149253666,-0.0022083179977917533,298.21
2026-05-14,299.82,300.45,295.38,298.21,35324922,AAPL,280.04650000000004,301.49507316932704,258.59792683067303,0.9234197738144896,42.89714633865401,74.45136152379817,9.155875432475398,7.274070414696671,1.8818050177787269,-0.0022083179977917533,0.006773750041916937,300.23
2026-05-15,297.9,303.2,296.52,300.23,54862836,AAPL,281.54650000000004,304.2013734492157,258.8916265507844,0.912350570880078,45.309746898431285,75.66162106971467,9.456851938087595,7.710626719374856,1.7462252187127394,0.006773750041916937,-0.0079605635679314,297.84
2026-05-18,300.24,300.66,294.91,297.84,34482959,AAPL,282.78599999999994,306.14740783428886,259.42459216571103,0.822198047882722,46.72281566857782,71.35472204806487,9.394234078517798,8.047348191203445,1.346885887314352,-0.0079605635679314,0.0037939833467635076,298.97
2026-05-19,296.97,300.51,296.35,298.97,42243561,AAPL,284.426,307.49465960562026,261.3573403943797,0.8152328797737484,46.13731921124054,72.16158320080044,9.328260153458587,8.303530583654474,1.0247295698041121,0.0037939833467635076,0.010971000434826239,302.25
2026-05-20,298.18,302.8,298.08,302.25,37307876,AAPL,285.88,309.58455821144906,262.1754417885509,0.8452922398716854,47.40911642289814,74.41437892395653,9.4319186434725,8.52920819561808,0.9027104478544192,0.010971000434826239,0.009065343258891634,304.99
2026-05-21,301.055,305.54,300.4,304.99,42965126,AAPL,287.45799999999997,311.82978007450373,263.0862199254962,0.8596782825547676,48.74356014900752,76.15064142570128,9.62422180637833,8.74821091777013,0.8760108886081994,0.009065343258891634,0.012557788779959944,308.82
2026-05-22,306.12,311.4,305.84,308.82,43670223,AAPL,289.346,314.1897842528062,264.5022157471938,0.8919290193844027,49.687568505612376,78.36112362724225,9.97073600174474,8.992715934565052,0.9780200671796884,0.012557788779959944,-0.0015866848002072942,308.33
2026-05-26,309.56,311.82,307.67,308.33,48000493,AAPL,291.382,315.4282085161046,267.33579148389543,0.8524048289910096,48.09241703220914,77.37306635897329,10.089506542254014,9.212074056102844,0.8774324861511698,-0.0015866848002072942,0.008173061330392972,310.85
2026-05-27,308.33,313.26,308.3,310.85,50430919,AAPL,293.389,316.8930897717819,269.88491022821813,0.8714459944958819,47.008179543563756,78.8500635627399,10.268605894023324,9.42338042368694,0.8452254703363842,0.008173061330392972,0.005340196236126582,312.51
2026-05-28,310.68,312.8,309.57,312.51,48220390,AAPL,295.506,317.8625117135921,273.14948828640786,0.8802918858236296,44.713023427184226,79.78610733025722,10.424326401602968,9.623569619270146,0.8007567823328223,0.005340196236126582,-0.0014399539214744461,312.06
2026-05-29,311.775,315.0,309.53,312.06,70026752,AAPL,297.5415,318.06819215923457,277.0148078407654,0.8536492847306723,41.05338431846917,78.76838769280667,10.39163646991642,9.777182989399401,0.6144534805170192,-0.0014399539214744461,-0.018425943728770156,306.31
2026-06-01,309.625,310.94,305.02,306.31,48849933,AAPL,298.85,318.06747329905744,279.6325267009426,0.6940941944840865,38.434946598114834,67.00694239604195,9.788912033752638,9.77952879827005,0.009383235482587793,-0.018425943728770156,0.02902288531226538,315.2
2026-06-02,307.46,315.45,306.685,315.2,44534716,AAPL,300.7685,318.4058788018511,283.13112119814895,0.909116914767555,35.27475760370214,73.57627653658517,9.9143112699918,9.8064852926144,0.10782597737739863,0.02902288531226538,-0.015672588832487344,310.26
2026-06-03,314.175,316.94,308.85,310.26,50836705,AAPL,302.0725,318.4205125703397,285.72448742966026,0.7504127019957954,32.69602514067947,65.74276279917746,9.50550085656107,9.746288405403735,-0.24078754884266473,-0.015672588832487344,0.0031264101076518003,311.23
2026-06-04,313.23,313.54,309.65,311.23,44869134,AAPL,303.2585,318.6204598684539,287.89654013154615,0.7594558268691237,30.72391973690776,66.49704079905112,9.1542619188981,9.627883108102608,-0.4736211892045077,0.0031264101076518003,-0.012498795103299987,307.34
2026-06-05,312.86,315.17,307.15,307.34,65310502,AAPL,304.25350000000003,317.8665985084216,290.6404014915785,0.613365079893109,27.226197016843116,60.72281754875673,8.464439253562261,9.395194337194539,-0.9307550836322775,-0.012498795103299987,-0.01887160799114973,301.54
2026-06-08,308.739,317.4,301.17,301.54,77949082,AAPL,304.6645,317.400476562478,291.92852343752196,0.37733567250723543,25.47195312495603,53.29230409257177,7.364840991506412,8.989123668056914,-1.6242826765505018,-0.01887160799114973,-0.0364462426212111,290.55
2026-06-09,300.275,300.75,287.78,290.55,70108847,AAPL,304.558,317.72150652371886,291.3944934762811,-0.03207707136238556,26.32701304743773,42.64402389544716,5.542707413069309,8.299840417059393,-2.7571330039900843,-0.0364462426212111,0.0035450008604369643,291.58
2026-06-10,290.74,294.75,287.38,291.58,52793266,AAPL,304.39700000000005,318.10160521138755,290.69239478861255,0.03238346518183188,27.409210422775004,43.77785047767554,4.134110365426977,7.46669440673291,-3.3325840413059327,0.0035450008604369643,0.013889841552918725,295.63
2026-06-11,293.72,297.0,289.59,295.63,42572497,AAPL,304.235,318.26973334267484,290.2002666573252,0.19343913454218775,28.069466685349653,48.120605581800646,3.30647324416384,6.634650174219096,-3.328176930055256,0.013889841552918725,-0.015221729865034006,291.13
2026-06-12,296.03,297.14,289.62,291.13,38784789,AAPL,303.881,318.83294154616675,288.9290584538332,0.07360052670654858,29.903883092333558,44.0492538475959,2.261384636403193,5.759997066655916,-3.498612430252723,-0.015221729865034006,0.018170576718304687,296.42
2026-06-15,294.12,297.78,291.7,296.42,45732573,AAPL,303.6905,318.9181964443079,288.46280355569206,0.2612738070203105,30.455392888615847,49.4624027239985,1.8388065575433643,4.975758964833406,-3.1369524072900417,0.018170576718304687,0.009513528102017332,299.24
2026-06-16,295.245,300.48,293.97,299.24,39874404,AAPL,303.7605,318.89254741599717,288.6284525840028,0.3506315809180911,30.264094831994385,52.12166543485271,1.7117290706013932,4.322952985987003,-2.61122391538561,0.009513528102017332,-0.010994519449271545,295.95
2026-06-17,300.845,302.07,294.36,295.95,42745060,AAPL,303.6095,318.98801289949677,288.2309871005033,0.25096746837430906,30.75702579899348,48.889499018284674,1.330209910511769,3.724404370891956,-2.394194460380187,-0.010994519449271545,0.006960635242439617,298.01
2026-06-18,298.11,300.57,295.62,298.01,85962201,AAPL,303.3975,318.9609223421453,287.83407765785466,0.3269178885735566,31.12684468429063,50.94090205277986,1.1804702846807231,3.2156175536497096,-2.0351472689689865,0.006960635242439617,-0.0033555920942249795,297.01
2026-06-22,297.31,302.42,296.76,297.01,44879914,AAPL,302.9985,318.7857141620992,287.21128583790073,0.310337025313284,31.574428324198493,49.89399860690798,0.9699281814264396,2.766479679205056,-1.7965514977786166,-0.0033555920942249795,-0.009124271910036619,294.3
2026-06-23,297.538,301.64,294.18,294.3,52010929,AAPL,302.2725,318.2563241669503,286.28867583304964,0.2506072415234441,31.967648333900684,47.07077472735557,0.5777378933334489,2.328731322030735,-1.750993428697286,-0.009124271910036619,-0.0041454298335033,293.08
2026-06-24,295.355,299.7,292.94,293.08,53081859,AAPL,301.51,317.7186014202332,285.3013985797668,0.23995288731460718,32.417202840466416,45.81396337288881,0.1665604551599813,1.896297148656584,-1.7297366934966028,-0.0041454298335033,-0.061177835403302905,275.15
2026-06-25,287.4,288.8,273.75,275.15,107253659,AAPL,299.725,318.99924862348684,280.4507513765132,-0.13750863860015675,38.548497246973625,32.204512088582234,-1.587798625519099,1.1994779938214475,-2.7872766193405463,-0.061177835403302905,0.03136471015809561,283.78
2026-06-26,275.0,285.95,274.21,283.78,261775450,AAPL,298.2885,317.8179621277694,278.7590378722306,0.12854839767015305,39.05892425553884,41.25061032816605,-2.2557688610879723,0.5084286228395636,-2.7641974839275356,0.03136471015809561,-0.0071886672774683635,281.74
2026-06-29,286.73,288.3697,279.85,281.74,66427002,AAPL,296.7725,316.496764118085,277.04823588191493,0.1189338190260601,39.44852823617009,39.895458290086395,-2.916135639826109,-0.17648422969357092,-2.739651410132538,-0.0071886672774683635,0.027046212820330817,289.36
2026-06-30,281.17,289.94,280.695,289.36,65100155,AAPL,295.925,315.3921471972648,276.4578528027352,0.33138258694313466,38.934294394529616,46.911149322589715,-2.792421456332363,-0.6996716750213293,-2.0927497813110336,0.027046212820330817,0.017348631462537956,294.38
2026-07-01,293.44,296.59,289.195,294.38,50164232,AAPL,294.88399999999996,312.2277993530821,277.5402006469178,0.4854703116157073,34.687598706164295,50.97134162170826,-2.263216082297845,-1.0123805564766324,-1.2508355258212125,0.017348631462537956,0.048406821115564824,308.63
2026-07-02,294.12,309.42,293.68,308.63,75400626,AAPL,294.8025,311.86963318047214,277.7353668195279,0.9050914659710143,34.13426636094425,60.261976152314126,-0.6860527142388833,-0.9471149880290827,0.2610622737901994,0.048406821115564824,0.013057706639017619,312.66
2026-07-06,307.36,314.2,307.0,312.66,53589977,AAPL,294.87399999999997,312.2254292206715,277.5225707793284,1.0125226220215562,34.702858441343096,62.43022359381989,0.8789163372515532,-0.5819087229729556,1.4608250602245088,0.013057706639017619,-0.006396724876863047,310.66
2026-07-07,315.29,315.48,310.15,310.66,42490002,AAPL,295.03999999999996,312.9207494250094,277.15925057499055,0.9367825874835176,35.761498850018825,60.66124123501062,1.9354713908438157,-0.0784327002096013,2.013904091053417,-0.006396724876863047,0.008787742226227913,313.39
2026-07-08,311.91,314.82,307.05,313.39,41323480,AAPL,295.6325,315.0544328337829,276.21056716621706,0.9571506902009312,38.843865667565865,62.234294917249976,2.958977812993396,0.5290494024309982,2.4299284105623977,0.008787742226227913,0.009030281757554715,316.22
2026-07-09,310.51,316.53,308.16,316.22,48124490,AAPL,296.91600000000005,318.13449796757493,275.6975020324252,0.9548861099758204,42.43699593514975,63.848140590397115,3.9529047498571117,1.2138204719162209,2.739084277940891,0.009030281757554715,-0.0028461197900196966,315.32
2026-07-10,314.72,316.91,312.17,315.32,34132321,AAPL,298.10299999999995,320.6115682352294,275.5944317647705,0.8824543573822861,45.01713647045892,62.92717501400889,4.6147802160624565,1.8940124207454683,2.720767795316988,-0.0028461197900196966,0.006311049092984966,317.31
2026-07-13,317.015,323.45,315.78,317.31,43257804,AAPL,299.187,323.155605382875,275.218394617125,0.8780570398340413,47.937210765750024,64.1582365523581,5.239499966325241,2.563109929861423,2.676390036463818,0.006311049092984966,-0.007721155967350457,314.86
2026-07-14,313.76,316.19,311.91,314.86,36336829,AAPL,300.37350000000004,324.9704195429019,275.7765804570982,0.794477931977065,49.19383908580369,61.45264428801553,5.4738017653479005,3.1452482969587185,2.328553468389182,-0.007721155967350457,0.040144826271993894,327.5
2026-07-15,317.615,328.73,317.32,327.5,60957644,AAPL,301.9275,329.11926630893976,274.73573369106026,0.9702250620547699,54.383532617879496,68.76991017713607,6.603311131928649,3.8368608639527046,2.7664502679759444,0.040144826271993894,0.017587786259541938,333.26
2026-07-16,328.005,334.68,326.79,333.26,62970617,AAPL,303.6285,334.00479225234693,273.252207747653,0.9877405667854444,60.752584504693914,71.43127939561667,7.8724901384300665,4.643986718848177,3.228503419581889,0.017587786259541938,0.0014403168697114666,333.74
2026-07-17,331.98,334.99,329.0006,333.74,63407059,AAPL,305.518,338.3507108841167,272.6852891158832,0.9297847975394075,65.6654217682335,71.64810839879746,8.815436765877848,5.478276728254112,3.337160037623736,0.0014403168697114666,-0.0214238628872776,326.59
2026-07-20,333.505,333.71,323.68,326.59,53468008,AAPL,306.947,340.819563587659,273.074436412341,0.7899544339058623,67.74512717531798,63.871612460750406,8.883381425378218,6.159297667678933,2.724083757699285,-0.0214238628872776,0.003521234575461607,327.74
2026-07-21,323.13,329.6,322.2204,327.74,41338917,AAPL,308.4835,343.1912543353067,273.77574566469326,0.7774091895137565,69.41550867061346,64.53828932588785,8.927117196492475,6.712861573441642,2.214255623050833,0.003521234575461607,-0.005644718374321123,325.89
2026-07-22,327.87,328.9995,323.34,325.89,38755929,AAPL,310.063,344.9200200103223,275.2059799896777,0.7270274394557125,69.71404002064457,62.53899704479706,8.712071237149019,7.112703506183117,1.5993677309659011,-0.005644718374321123,-0.012979839823253125,321.66
2026-07-23,321.73,323.3,319.35,321.66,40840778,AAPL,311.492,345.78569189807376,277.1983081019263,0.648248838740094,68.58738379614749,58.10660977148401,8.106869175131749,7.311536639972844,0.7953325351589049,-0.012979839823253125,0.03531679413044819,333.02
2026-07-24,321.79,334.37,321.62,333.02,47489415,AAPL,314.3855,345.5481491011277,283.22285089887225,0.7989877391284692,62.32529820225545,65.23309603664768,8.446532868136671,7.53853588560561,0.9079969825310616,0.03531679413044819,0.011680980121314244,336.91
2026-07-27,334.54,339.57,334.02,336.91,49604297,AAPL,317.04200000000003,346.31680186098663,287.76719813901343,0.8393361993420921,58.5496037219732,67.28533698913148,8.926707751623326,7.816170258809153,1.1105374928141725,0.011680980121314244,0.009409040990175255,340.08
2026-07-28,340.03,342.89,335.6,340.08,51859042,AAPL,319.959,346.03354920032234,293.88445079967767,0.885836009002818,52.149098400644675,68.89659331333384,9.454061774279523,8.143748561903228,1.310313212376295,0.009409040990175255,-0.005557515878616748,338.19
2026-07-29,339.73,344.5699,337.3501,338.19,56090840,AAPL,322.4005,345.53602547490624,299.2649745250938,0.8412392776020139,46.271050949812434,66.7846320569515,9.608723053861695,8.436743460294922,1.171979593566773,-0.005557515878616748,-0.014074928294745548,333.43
2026-07-30,333.1,334.75,329.59,333.43,74817792,AAPL,324.353,344.03303567070043,304.6729643292996,0.7306144194015312,39.36007134140084,61.65826901713082,9.240680203917634,8.597530809019464,0.6431493948981704,-0.014074928294745548,-0.07353867378460244,308.91
2026-07-31,304.81,310.69,300.0,308.91,132489137,AAPL,324.367,344.0026238505437,304.7313761494563,0.1064041530421762,39.27124770108742,43.24392884076522,6.891009250782986,8.256226497372168,-1.3652172465891823,-0.07353867378460244,-0.01777216665048076,303.42
2026-08-03,309.58,311.8,302.56,303.42,75051951,AAPL,323.90500000000003,345.0011735866967,302.80882641330334,0.014485413295093652,42.19234717339339,40.3390559988803,4.5336202219648385,7.511705242290703,-2.9780850203258646,-0.01777216665048076,0.019642739437083945,309.38
2026-08-04,302.725,310.42,301.32,309.38,68000969,AAPL,323.841,345.1046138979253,302.57738610207474,0.15995902508813423,42.527227795850536,44.68332443479198,3.1104394133811866,6.6314520765088005,-3.521012663127614,0.019642739437083945,0.005236279009632083,311.0
2026-08-05,309.36,311.71,305.67,311.0,49438763,AAPL,323.7215,345.24399360552906,302.1990063944709,0.20446036056129024,43.04498721105813,45.83777793189178,2.0891958805777904,5.7230008373226,-3.633804956744809,0.005236279009632083,0.00453376205787781,312.41
2026-08-06,314.34,316.2894,309.23,312.41,46139901,AAPL,323.531,345.3806699288579,301.6813300711421,0.2455110297727669,43.69933985771581,46.8769610069594,1.3777464360100566,4.853949957060091,-3.476203521050034,0.00453376205787781,0.0029448481162572815,313.33
2026-08-07,311.45,314.81,310.74,313.33,34437191,AAPL,323.4315,345.4473227418382,301.41567725816185,0.27058545305228426,44.03164548367636,47.58362983127974,0.8780325243287166,4.058766470513816,-3.180733946185099,0.0029448481162572815,-0.016181023202374467,308.26
2026-08-10,306.83,308.26,304.61,308.26,44812503,AAPL,322.979,345.83545983086697,300.122540169133,0.17801225323349476,45.71291966173396,44.10189949760478,0.07206826276262746,3.2614268289635784,-3.189358566200951,-0.016181023202374467,-0.010867449555569841,304.91
2026-08-11,307.75,309.97,302.79,304.91,37476746,AAPL,322.4815,346.4302338078662,298.53276619213375,0.1331434442219154,47.89746761573247,41.91930446693192,-0.8274429765015725,2.443652867870548,-3.2710958443721205,-0.010867449555569841,-0.00872388573677485,302.25
2026-08-12,305.1,305.66,300.57,302.25,41657768,AAPL,321.219,346.59599501517135,295.84200498482863,0.12625598522087458,50.75399003034272,40.21733912119975,-1.7349524320333103,1.6079318078897766,-3.342884239923087,-0.00872388573677485,0.009958643507030684,305.26
2026-08-13,304.21,306.0,302.05,305.26,40349289,AAPL,319.819,345.47231705647494,294.1656829435251,0.21623552681415673,51.30663411294984,43.03577637028656,-2.186078615916756,0.8491297231284701,-3.035208339045226,0.009958643507030684,0.0021948502915547508,305.93
2026-08-14,306.0,307.49,304.3,305.93,28229375,AAPL,318.4285,343.9271417481407,292.9298582518593,0.25491831832745876,50.9972834962814,43.67234870728864,-2.461165186014398,0.18707074129989654,-2.6482359273142944,0.0021948502915547508,-0.0011113653450136596,305.59
2026-08-17,306.21,307.66,302.939,305.59,38169263,AAPL,317.3785,343.1741223224023,291.58287767759765,0.2715019267094358,51.59124464480465,43.40725664967584,-2.675763892660541,-0.38549618549219095,-2.29026770716835,-0.0011113653450136596,0.014529271245786735,310.03
2026-08-18,307.58,311.49,305.74,310.03,53424535,AAPL,316.49300000000005,342.0195674151465,290.9664325848536,0.37340640253563456,51.05313483029295,47.85832139802318,-2.459215712481182,-0.8002400908899892,-1.6589756215911928,0.014529271245786735,0.02193336128761736,316.83
2026-08-19,310.14,319.2799,309.6,316.83,50505646,AAPL,316.04,341.20240846977924,290.8775915302208,0.5156980203415101,50.324816939558445,53.84556867544552,-1.7190800646201296,-0.9840080856360174,-0.7350719789841123,0.02193336128761736,-0.017454155225199552,311.3
2026-08-20,317.455,320.28,310.65,311.3,40959184,AAPL,315.522,340.6267832892462,290.4172167107538,0.41591243884968127,50.2095665784924,48.92542591880717,-1.5607506531662807,-1.09935659914207,-0.46139405402421074,-0.017454155225199552,-0.006264053967234173,309.35
2026-08-21,312.05,312.38,307.01,309.35,46876815,AAPL,314.3385,338.2347375908847,290.4422624091153,0.3956216437623874,47.79247518176942,47.28467627230287,-1.5744726168060197,-1.19437980267486,-0.3800928141311597,-0.006264053967234173,0.003200258606755879,310.34
2026-08-24,311.47,313.36,309.97,310.34,34673582,AAPL,313.01,334.58020166804215,291.43979833195783,0.4381090626529511,43.14040333608432,48.23383525248686,-1.488306376161347,-1.2531651173721574,-0.23514125878918968,0.003200258606755879,-0.001417799832441835,309.9
2026-08-25,310.79,313.59,308.21,309.9,25869807,AAPL,311.501,329.15157268192746,293.8504273180725,0.4546473638886723,35.30114536385497,47.82170988364323,-1.4389361719393037,-1.2903193282855867,-0.14861684365371697,-0.001417799832441835,0.011455308163923927,313.45
2026-08-26,310.3,315.43,308.8001,313.45,34024486,AAPL,310.264,323.05935915869503,297.468640841305,0.6244982638035192,25.590718317390042,51.427715843388036,-1.1006667963015957,-1.2523888218887886,0.15172202558719294,0.011455308163923927,0.003605040676343929,314.58
2026-08-27,310.545,315.4,309.4001,314.58,32419233,AAPL,309.32149999999996,316.84219484821693,301.800805151783,0.8496020052752654,15.041389696433953,52.55178049541582,-0.732955270701666,-1.1485021116513643,0.4155468409496983,0.003605040676343929,0.016275669146163185,319.7
2026-08-28,316.845,322.37,315.4504,319.7,38649398,AAPL,309.861,318.63057216744346,301.0914278325565,1.0609737745546308,17.53914433488694,57.36609121395202,-0.02807638003844204,-0.9244169653287799,0.8963405852903379,0.016275669146163185,-0.008914607444479139,316.85
2026-08-31,319.6,321.235,312.8,316.85,41242724,AAPL,310.53249999999997,319.28313854812893,301.781861451871,0.8609736572510382,17.501277096257922,54.07692538336588,0.2971486924759006,-0.6801038337678439,0.9772525262437445,-0.008914607444479139,0.026132239229919474,325.13
2026-09-01,316.98,327.3,314.73,325.13,53167388,AAPL,311.32,322.1109591788683,300.5290408211317,1.1398875100484023,21.58191835773664,61.062044485460866,1.209081171597063,-0.3022668326948625,1.5113480042919256,0.026132239229919474,-0.0005228677759665512,324.96
2026-09-02,326.865,328.4,323.53,324.96,33776370,AAPL,312.018,324.33406365686716,299.7019363431328,1.0254113798276696,24.632127313734372,60.857372066991935,1.8962182287821179,0.1374301796005336,1.7587880491815842,-0.0005228677759665512,0.010001230920728688,328.21
2026-09-03,324.87,330.81,324.11,328.21,37225838,AAPL,312.808,327.0063965291862,298.6096034708138,1.0423851900578935,28.396793058372396,63.38419978820159,2.6722234077301437,0.6443888252264557,2.027834582503688,0.010001230920728688,-0.02510587733463321,319.97
2026-09-04,328.305,328.93,317.86,319.97,39606884,AAPL,313.14,327.67815394058016,298.6018460594198,0.7348991497791045,29.076307881160346,53.88620761751854,2.5924300475585937,1.0339970696928833,1.5584329778657104,-0.02510587733463321,-0.011719848735818994,316.22
2026-09-08,317.1,320.7,314.9,316.22,35477090,AAPL,313.538,327.9553057122337,299.1206942877663,0.5930132180565548,28.834611424467425,50.199498180962024,2.201225220671347,1.2674426998885762,0.9337825207827708,-0.011719848735818994,-0.0027828726835749107,315.34
2026-09-09,315.485,319.15,309.9,315.34,65639962,AAPL,314.05949999999996,327.9350835552962,300.1839164447037,0.5461422034935336,27.75116711059252,49.34629603693951,1.7994410945269692,1.3738423788162548,0.4255987157107144,-0.0027828726835749107,0.03561235491850079,326.57
2026-09-10,316.67,326.74,316.51,326.57,70011913,AAPL,315.2755,329.0605229959914,301.49047700400865,0.9096656205537114,27.570045991982738,58.93761798283553,2.3599869661287016,1.5710712962787443,0.7889156698499573,0.03561235491850079,0.01745414459380834,332.27
2026-09-11,327.45,336.22,326.3,332.27,50716865,AAPL,316.626,331.47295308809225,301.7790469119077,1.0268421038033382,29.693906176184555,62.789014359976385,3.226967498396334,1.9022505367022622,1.324716961694072,0.01745414459380834,0.002437776507057565,333.08
2026-09-14,334.79,335.5,331.34,333.08,39269147,AAPL,317.9835,333.6144542574986,302.3525457425014,0.9829039785833219,31.26190851499723,63.31557768758112,3.934066576402074,2.3086137446422246,1.6254528317598496,0.002437776507057565,-0.005223970217365204,331.34
2026-09-15,330.135,331.78,328.35,331.34,31748183,AAPL,319.271,334.84840530383724,303.6935946961628,0.8873880073283761,31.15481060767445,61.30856776696831,4.304425494196835,2.7077760945531466,1.5966493996436881,-0.005223970217365204,0.0032293112814631986,332.41
2026-09-16,332.53,335.48,330.7,332.41,35981000,AAPL,320.39,336.3616736756051,304.41832632439485,0.8762911841342961,31.943347351210264,62.104086729159725,4.630895580854315,3.09239999181338,1.5384955890409344,0.0032293112814631986,0.013808248849312532,337.0
2026-09-17,334.77,338.34,330.1833,337.0,36700225,AAPL,321.39849999999996,338.82462323496014,303.97237676503977,0.9476468974091841,34.852246469920374,65.39134649252955,5.200057095120485,3.5139314124748013,1.6861256826456836,0.013808248849312532,-0.0025816023738872707,336.13
2026-09-18,337.905,338.49,332.53,336.13,86588203,AAPL,322.64,340.5428478181551,304.73715218184486,0.8767557021380675,35.80569563631025,64.25363898113841,5.517319739116772,3.9146090778031954,1.6027106613135764,-0.0025816023738872707,0.008478862344926119,338.98
2026-09-21,335.28,339.64,333.05,338.98,34999229,AAPL,324.1215,342.2820861964868,305.9609138035133,0.9090864644797215,36.321172392973494,66.32083630814058,5.930362326417367,4.317759727526029,1.6126025988913373,0.008478862344926119,0.0022715204436838388,339.75
2026-09-22,340.135,345.34,338.75,339.75,40711786,AAPL,325.592,343.813456143789,307.370543856211,0.8884980401202991,36.442912287578,66.87814434535014,6.247813215881706,4.703770425197165,1.544042790684541,0.0022715204436838388,-0.008035320088300324,337.02
2026-09-23,341.075,341.8,335.5,337.02,31658823,AAPL,326.948,344.31286636861995,309.58313363138,0.7900108698273977,34.72973273723994,62.90378276739504,6.207550371833747,5.004526414524482,1.2030239573092656,-0.008035320088300324,-0.003263901252151147,335.92
2026-09-24,336.72,338.91,334.3,335.92,24733098,AAPL,328.0715,344.68925348836393,311.4537465116361,0.7361480450861086,33.235506976727834,61.32247090570246,6.017514806020358,5.207124092823657,0.8103907131967016,-0.003263901252151147,0.015331031197904244,341.07
2025-11-12,442.15,442.329,426.56,430.6,58513520,TSLA,445.82400000000007,468.25590353046306,423.3920964695371,0.1606618787539466,44.86380706092598,45.648212840169045,-0.2319215432675037,2.2842593821826784,-2.516180925450182,-0.020517719848960447,-0.06644217371110084,401.99
2025-11-13,423.13,424.5,396.34,401.99,118948032,TSLA,444.48600000000005,473.15669821263515,415.81530178736494,-0.24110507677263612,57.341396425270204,38.36845033046769,-3.52958764309102,1.1214899771279387,-4.651077620218959,-0.06644217371110084,0.005870792805791281,404.35
2025-11-14,386.3,412.19,382.78,404.35,105506682,TSLA,442.738,476.30298806792575,409.17301193207425,-0.07184587586198232,67.1299761358515,39.22937658523526,-5.8847438450258664,-0.2797567873028224,-5.604987057723044,0.005870792805791281,0.011302089773710833,408.92
2025-11-17,398.74,423.96,398.74,408.92,102214259,TSLA,440.8125000000001,477.36529298494173,404.2597070150585,0.06374742672689043,73.10558596988324,40.94956048813395,-7.298330683065672,-1.6834715664553923,-5.61485911661028,0.011302089773710833,-0.018756725031791044,401.25
2025-11-18,405.38,408.9,393.71,401.25,80688637,TSLA,438.74500000000006,479.13568828331603,398.3543117166841,0.03584598835014179,80.78137656663193,38.95648041121433,-8.934521730725749,-3.1336815993094636,-5.800840131416285,-0.018756725031791044,0.006828660436137168,403.99
2025-11-19,406.18,411.78,398.5,403.99,72047704,TSLA,436.996,480.1323370721251,393.85966292787487,0.11742231445366987,86.27267414425023,40.07849397080633,-9.896044383670471,-4.486154156181665,-5.409890227488806,0.006828660436137168,-0.02168370504220396,395.23
2025-11-20,414.63,428.94,394.74,395.23,113548827,TSLA,434.3085,480.69825588424663,387.9187441157533,0.07880248284222484,92.77951176849331,37.69310771856943,-11.235402081747793,-5.836003741294891,-5.399398340452902,-0.02168370504220396,-0.010474913341598668,391.09
2025-11-21,402.32,402.8,383.76,391.09,100460633,TSLA,432.177,482.2502939200129,382.10370607998715,0.08973140387336552,100.14658784002575,36.58487786235193,-12.48697404369733,-7.16619780177538,-5.32077624192195,-0.010474913341598668,0.06824516096039268,417.78
2025-11-24,402.17,421.72,401.09,417.78,96806374,TSLA,430.445,479.9912852290663,380.8987147709337,0.37219021626499155,99.09257045813263,47.3351954260042,-11.196131859541538,-7.972184613328611,-3.2239472462129264,0.06824516096039268,0.0038776389487289453,419.4
2025-11-25,414.42,420.48,405.95,419.4,71915624,TSLA,428.3875,476.1477068148788,380.6272931851212,0.4059101645556514,95.52041362975763,47.91237918879914,-9.92796625247314,-8.363340941157517,-1.5646253113156234,0.0038776389487289453,0.017119694802098184,426.58
2025-11-26,423.95,426.94,416.89,426.58,63462996,TSLA,426.64099999999996,471.9186955685688,381.3633044314311,0.4993263791450296,90.55539113713769,50.50165559692164,-8.248486460582228,-8.34037004504246,0.09188358446023237,0.017119694802098184,0.008415771953678153,430.17
2025-11-28,426.59,432.93,426.2,430.17,36252861,TSLA,426.1445,471.0370996017161,381.2519003982839,0.5448347838587425,89.78519920343217,51.7920348785425,-6.55227310271232,-7.9827506565764335,1.4304775538641135,0.008415771953678153,-6.97398702839136e-05,430.14
2025-12-01,425.32,433.6599,425.29,430.14,57463552,TSLA,424.82349999999997,467.5615113131156,382.08548868688433,0.5621987293822498,85.47602262623127,51.77988703201852,-5.151054396657969,-7.416411404592741,2.265357007934772,-6.97398702839136e-05,-0.0020923420281768745,429.24
2025-12-02,430.81,436.8,422.12,429.24,69336626,TSLA,422.867,460.7598437043197,384.97415629568036,0.584092395515746,75.78568740863932,51.39046118331088,-4.066326870300259,-6.7463944977342445,2.680067627433986,-0.0020923420281768745,0.040769732550554494,446.74
2025-12-03,432.1,447.92,431.11,446.74,87482964,TSLA,422.991,461.1781449050593,384.8038550949407,0.8109554283129136,76.37428981011863,58.00423575581056,-1.774117818364175,-5.751939161860231,3.977821343496056,0.040769732550554494,0.017437435644894084,454.53
2025-12-04,449.94,454.63,445.39,454.53,71906488,TSLA,422.61400000000003,459.37263947427874,385.8553605257213,0.9341292340584676,73.51727894855742,60.57567488012632,0.6634148327922844,-4.468868362929728,5.132283195722012,0.017437435644894084,0.0010340351571953565,455.0
2025-12-05,453.03,458.87,451.66,455.0,56427522,TSLA,423.0685,461.168384133682,384.9686158663179,0.9190498308073739,76.1997682673641,60.73190174266368,2.603095230902909,-3.0544756441632,5.657570875066109,0.0010340351571953565,-0.033890109890109876,439.58
2025-12-08,447.445,449.7463,435.25,439.58,68386756,TSLA,423.5715,462.25987927595315,384.8831207240469,0.7068902897923938,77.37675855190628,53.27307667387531,2.8630374775035534,-1.8709730198298495,4.7340104973334025,-0.033890109890109876,0.012716684107557219,445.17
2025-12-09,437.54,452.39,435.7,445.17,62014951,TSLA,423.5685,462.25016970284497,384.886830297155,0.779221400807464,77.36333940569,55.41100594423586,3.479994651022537,-0.8007794856593723,4.280774136681909,0.012716684107557219,0.014106970370869387,451.45
2025-12-10,446.065,456.88,443.61,451.45,63257475,TSLA,424.15999999999997,464.14521676820067,384.17478323179927,0.8412511198601669,79.9704335364014,57.749776801725275,4.424676258183865,0.2443116631092752,4.18036459507459,0.014106970370869387,-0.01010078635507805,446.89
2025-12-11,448.945,449.2699,440.33,446.89,55979492,TSLA,424.9745,466.0986994329372,383.85030056706273,0.7664550350182309,82.24839886587449,55.47445450979243,4.750627075667069,1.1455747456208338,3.605052330046235,-0.01010078635507805,0.027008883617892554,458.96
2025-12-12,448.09,463.01,441.67,458.96,95656749,TSLA,427.823,470.0614820276486,385.58451797235136,0.8685856889887548,84.47696405529723,59.970213266047736,5.914712450325794,2.099402286561826,3.8153101637639684,0.027008883617892554,0.035624019522398465,475.31
2025-12-15,469.44,481.7694,467.66,475.31,114542204,TSLA,431.371,476.9181495924827,385.8238504075173,0.9823463201663437,91.0942991849654,65.10943053017542,8.063614525054788,3.2922447342604184,4.77136979079437,0.035624019522398465,0.03065367865182722,489.88
2025-12-16,472.21,491.5,465.83,489.88,107608075,TSLA,435.419,486.33902313432304,384.4989768656769,1.0347699848479657,101.84004626864612,68.93669003524263,10.817613420924431,4.797318471593222,6.020294949331209,0.03065367865182722,-0.04617457336490571,467.26
2025-12-17,488.22,495.2799,466.2,467.26,106490405,TSLA,438.7195,488.90457047917727,388.5344295208227,0.7843524949500867,100.37014095835457,58.2531122228381,11.0475827732904,6.047371331932657,5.000211441357743,-0.04617457336490571,0.03447759277490059,483.37
2025-12-18,478.16,490.86,473.12,483.37,95168446,TSLA,442.68850000000003,493.8063564789252,391.5706435210749,0.8979186804983903,102.2357129578503,62.688180785308695,12.386988017756153,7.315294669097357,5.071693348658796,0.03447759277490059,-0.004489314603719707,481.2
2025-12-19,488.12,490.49,474.72,481.2,103305424,TSLA,446.98699999999997,495.82645253583405,398.1475474641659,0.8502598639378435,97.67890507166817,61.73676796335353,13.122111921337478,8.476658119545382,4.645453801792096,-0.004489314603719707,0.015648379052369155,488.73
2025-12-22,489.88,498.83,485.33,488.73,86916066,TSLA,451.869,496.7416767198035,406.9963232801966,0.9107287852490901,89.7453534396069,63.79041949051706,14.149207721336097,9.611168039903525,4.538039681432572,0.015648379052369155,-0.006486198923741138,485.56
2025-12-23,489.395,491.97,482.84,485.56,58223633,TSLA,455.258,499.5549586314906,410.96104136850937,0.8420325112169033,88.59391726298122,62.275085370972675,14.539790382630372,10.596892508448896,3.942897874181476,-0.006486198923741138,-0.00032951643463219327,485.4
2025-12-24,488.48,490.9,476.8,485.4,41285429,TSLA,458.558,501.4906139898328,415.6253860101672,0.8126061693606245,85.86522797966563,62.19477857968619,14.667343289540327,11.410982664667182,3.2563606248731443,-0.00032951643463219327,-0.0210341985990935,475.19
2025-12-26,485.23,489.09,473.82,475.19,58780659,TSLA,460.98850000000004,501.8588585866333,420.1181414133668,0.673738382670376,81.74071717326649,57.131797835089706,13.785655757466543,11.885917283227055,1.8997384742394878,-0.0210341985990935,-0.032723752604221445,459.64
2025-12-29,469.0,469.4,459.0,459.64,66263033,TSLA,462.462,500.83007401994513,424.09392598005485,0.46322463308253337,76.73614803989028,50.40217175237249,11.69731759692479,11.848197345966604,-0.15087974904181323,-0.032723752604221445,-0.011334957793055378,454.43
2025-12-30,461.09,463.12,453.83,454.43,59238464,TSLA,463.67650000000003,499.3159350544448,428.03706494555524,0.3702771244006175,71.27887010888958,48.3473337659282,9.512239920182083,11.381005860809701,-1.8687659406276182,-0.011334957793055378,-0.010364632616684633,449.72
2025-12-31,456.1,456.55,449.3,449.72,49077961,TSLA,464.7004999999999,497.3770558007569,432.0239441992429,0.27077602530477146,65.353111601514,46.50162026791231,7.316156385182126,10.568035965684185,-3.2518795805020595,-0.010364632616684633,-0.02590500756025982,438.07
2026-01-02,457.8,458.34,435.3,438.07,85535406,TSLA,464.267,498.0948938747299,430.4391061252701,0.11278996414894059,67.65578774945982,42.20932250033975,4.582858386134546,9.371000449774257,-4.788142063639711,-0.02590500756025982,0.031045266738192634,451.67
2026-01-05,447.99,457.5499,444.57,451.67,67940839,TSLA,464.1240000000001,498.1389916360418,430.10900836395837,0.31693366070382895,68.02998327208343,48.21823987101493,3.4740595733634905,8.191612274492105,-4.717552701128614,0.031045266738192634,-0.04142404853100723,432.96
2026-01-06,446.38,448.25,428.78,432.96,89093758,TSLA,463.02200000000005,499.4877585139812,426.5562414860189,0.08780509133692974,72.93151702796229,41.78180721638009,1.0732165197865697,6.767933123550998,-5.694716603764428,-0.04142404853100723,-0.0035800073909828534,431.41
2026-01-07,435.9,438.37,431.29,431.41,59828790,TSLA,462.61350000000004,500.28367774048843,424.94332225951166,0.085832854108595,75.34035548097677,41.290082295723025,-0.9436629839535726,5.2256139020500845,-6.169276886003657,-0.0035800073909828534,0.010175934725666913,435.8
2026-01-08,427.89,436.89,424.365,435.8,57041094,TSLA,462.1450000000001,500.88905683456494,423.40094316543525,0.1600123715426614,77.48811366912969,43.32453498836513,-2.162885809004081,3.7479139598392517,-5.910799768843333,0.010175934725666913,0.021133547498852545,445.01
2026-01-09,435.945,449.05,430.39,445.01,67331456,TSLA,461.823,501.02162553712805,422.6243744628719,0.28554094984688827,78.39725107425613,47.43958135524106,-2.358768241063558,2.52657751965869,-4.885345760722248,0.021133547498852545,0.00887620502910047,448.96
2026-01-12,441.225,454.3,438.0,448.96,61649627,TSLA,461.92650000000003,500.9775160047084,422.8754839952917,0.33397999173137144,78.10203200941669,49.145016876189004,-2.170257118135055,1.5872105920999409,-3.757467710234996,0.00887620502910047,-0.003920171062009925,447.2
2026-01-13,450.2,451.81,443.95,447.2,53719214,TSLA,461.33849999999995,500.90127051724244,421.77572948275747,0.3213155977810245,79.12554103448497,48.391580557235706,-2.1382298039530383,0.8421225128893451,-2.9803523168423833,-0.003920171062009925,-0.017889087656529523,439.2
2026-01-14,442.81,443.91,434.22,439.2,57259500,TSLA,459.533,499.6722023338779,419.3937976661221,0.24671893289171365,80.27840466775581,45.01348664445726,-2.7269465258452215,0.12830870514243187,-2.8552552309876535,-0.017889087656529523,-0.0014344262295081789,438.57
2026-01-15,441.125,445.36,437.65,438.57,49465813,TSLA,456.96750000000003,495.54896958061596,418.3860304193841,0.2615759560226382,77.16293916123186,44.74856571050091,-3.2073719173465065,-0.5388274193553558,-2.668544497991151,-0.0014344262295081789,-0.002439747360740596,437.5
2026-01-16,439.5,447.25,435.2601,437.5,60220551,TSLA,455.47950000000003,494.649422376742,416.30957762325806,0.2704935456972495,78.33984475348393,44.271991438495164,-3.632578455789428,-1.1575776266421702,-2.475000829147258,-0.002439747360740596,-0.041714285714285704,419.25
2026-01-20,429.36,430.725,417.44,419.25,62208186,TSLA,452.27349999999996,492.2748551145457,412.2721448854542,0.08722023409662454,80.00271022909146,37.02845234547464,-5.380161031996408,-2.002094307713018,-3.37806672428339,-0.041714285714285704,0.029075730471079364,431.44
2026-01-21,421.66,438.2,419.6201,431.44,68123987,TSLA,449.78550000000007,488.44822492983394,411.1227750701662,0.2627495212340314,77.32544985966774,43.65930627358712,-5.715615631224125,-2.74479857241524,-2.970817058808885,0.029075730471079364,0.04153532356758771,449.36
2026-01-22,435.16,449.5,432.63,449.36,71546729,TSLA,447.817,482.1099690169865,413.5240309830135,0.5224973229823832,68.58593803397298,51.70949121827816,-4.483785295790369,-3.092595917090266,-1.391189378700103,0.04153532356758771,-0.0006676161652128254,449.06
2026-01-23,447.425,452.43,444.04,449.06,56771364,TSLA,445.992,475.62453995188395,416.3594600481161,0.5517674152297048,59.265079903767855,51.5766280677904,-3.4915104142306745,-3.1723788165183477,-0.3191315977123268,-0.0006676161652128254,-0.030864472453569713,435.2
2026-01-26,445.0,445.04,434.28,435.2,49397415,TSLA,443.48199999999997,467.2639760322812,419.7000239677187,0.3258765379975546,47.5639520645625,45.7305171219219,-3.7799388071484827,-3.2938908146443753,-0.48604799250410746,-0.030864472453569713,-0.00988051470588236,430.9
2026-01-27,437.41,437.52,430.69,430.9,37321502,TSLA,441.26750000000004,460.6723508110731,421.862649188927,0.23286318712422105,38.80970162214612,44.06186097827902,-4.305859185563918,-3.4962844888282842,-0.8095746967356336,-0.00988051470588236,0.0012996054769087717,431.46
2026-01-28,431.91,438.26,430.1,431.46,54857403,TSLA,439.8585,457.7563985079255,421.9606014920745,0.26537748282903134,35.79579701585101,44.346671570741094,-4.6241630810681045,-3.7218602072762486,-0.9023028737918559,0.0012996054769087717,-0.03453390812589807,416.56
2026-01-29,437.8,440.2299,414.62,416.56,81686127,TSLA,437.965,457.25467858726535,418.6753214127346,-0.05483039551864517,38.57935717453074,38.7005731430188,-6.009453448416764,-4.179378855504352,-1.8300745929124123,-0.03453390812589807,0.03324851161897446,430.41
2026-01-30,425.35,439.88,422.7,430.41,82626066,TSLA,436.99950000000007,455.7649613319259,418.2340386680742,0.32442478009348835,37.5309226638517,45.62996634329139,-5.921467799491438,-4.52779664430177,-1.3936711551896686,0.03324851161897446,-0.0199809483980391,421.81
2026-02-02,421.29,427.15,414.5,421.81,58739455,TSLA,436.18649999999997,456.07151071158887,416.30148928841106,0.13850912105314084,39.77002142317781,42.42314329189398,-6.471091945780813,-4.9164557045975785,-1.5546362411832346,-0.0199809483980391,0.0003556103458903781,421.96
2026-02-03,424.27,428.56,413.6901,421.96,56269638,TSLA,434.7009999999999,454.1719454315912,415.2300545684086,0.17282020164958564,38.94189086318261,42.49904951159194,-6.815998704887534,-5.29636430465557,-1.519634400231964,0.0003556103458903781,-0.03779979144942647,406.01
2026-02-04,420.46,423.9,399.18,406.01,74606873,TSLA,433.3535,456.50265054597054,410.20434945402945,-0.09059402516088336,46.298301091941084,36.924629708434765,-8.28091427165333,-5.893274298055122,-2.3876399735982083,-0.03779979144942647,-0.02167434299647797,397.21
2026-02-05,397.015,402.1,387.5309,397.21,72819838,TSLA,431.6435,459.6560302498723,403.63096975012775,-0.11460888561034299,56.02506049974454,34.254999612291286,-10.036265051636235,-6.721872448771345,-3.3143926028648902,-0.02167434299647797,0.034994083734045,411.11
2026-02-06,400.87,414.55,397.751,411.11,62677144,TSLA,430.40899999999993,459.7258128554249,401.09218714457495,0.17085439854645212,58.63362571084997,41.45513350210023,-10.188334579524394,-7.415164874921955,-2.773169704602439,0.034994083734045,0.015105446230935682,417.32
2026-02-09,409.905,421.25,407.29,417.32,54484258,TSLA,429.0245,458.0664472315479,399.9825527684521,0.298489751622344,58.08389446309582,44.38553474064605,-9.695986379670103,-7.871329175871585,-1.8246572037985178,0.015105446230935682,0.018906354835617645,425.21
2026-02-10,418.08,427.25,417.0,425.21,64450233,TSLA,427.837,455.42720340628193,400.24679659371805,0.45239252206089436,55.18040681256389,47.95026658004073,-8.570346207366413,-8.01113258217055,-0.5592136251958628,0.018906354835617645,0.0071964441099692245,428.27
2026-02-11,427.955,436.35,420.03,428.27,57361989,TSLA,426.8905,453.0188030256466,400.76219697435334,0.5263985762612662,52.25660605129326,49.30737025768832,-7.3466640643094365,-7.878238878598328,0.5315748142888914,0.0071964441099692245,-0.02615172671445576,417.07
2026-02-12,430.3,436.23,414.0,417.07,61933359,TSLA,425.784,451.6059777708837,399.96202222911626,0.3312677658288107,51.64395554176747,44.71219779910219,-7.1976633646003165,-7.742123775798726,0.5444604111984095,-0.02615172671445576,0.000887141247272627,417.44
2026-02-13,414.305,424.06,410.88,417.44,51434147,TSLA,424.7275000000001,450.09554830884747,399.3594516911527,0.35636459077818605,50.736096617694784,44.894902673119056,-6.969384601413992,-7.587575940921779,0.6181913395077867,0.000887141247272627,-0.016313721732464592,410.63
2026-02-17,412.36,413.72,400.51,410.63,59678789,TSLA,423.384,448.75008870125663,398.0179112987434,0.24860136794822063,50.73217740251323,42.134999347981285,-7.254358395482598,-7.520932431833943,0.26657403635134536,-0.016313721732464592,0.0016803448359836715,411.32
2026-02-18,411.11,416.9,409.58,411.32,45921402,TSLA,422.9875,448.84285988919936,397.13214011080066,0.27436980088461416,51.7107197783987,42.52056292764391,-7.33991497607218,-7.484728940681591,0.1448139646094111,0.0016803448359836715,0.0009481668773703156,411.71
2026-02-19,407.25,415.2499,404.11,411.71,51019638,TSLA,422.00100000000003,447.99627564770225,396.0057243522978,0.30206018702268117,51.99055129540443,42.75274831455846,-7.292189619256931,-7.446221076396659,0.15403145713972854,0.0009481668773703156,0.0002671783536956074,411.82
2026-02-20,408.3,414.7,405.5,411.82,57912225,TSLA,420.12399999999997,443.20406533786286,397.0439346621371,0.3201044954067516,46.16013067572578,42.82290309005549,-7.16292115315656,-7.389561091748639,0.2266399385920792,0.0002671783536956074,-0.029114661745422765,399.83
2026-02-23,407.285,407.7,394.04,399.83,69680026,TSLA,417.6625,438.23831966775623,397.0866803322438,0.06666367882430337,41.151639335512414,37.43747394894605,-7.9364809457770775,-7.498945062554327,-0.4375358832227505,-0.029114661745422765,0.023885151189255494,409.38
2026-02-24,399.5,410.82,397.64,409.38,58579482,TSLA,416.3715,435.5783948817873,397.16460511821276,0.3179950470122673,38.41378976357453,43.5291576809577,-7.690278721240134,-7.537211794291489,-0.15306692694864488,0.023885151189255494,0.019590600420147597,417.4
2026-02-25,412.15,420.34,412.15,417.4,54809704,TSLA,415.6965,433.7264309760195,397.6665690239805,0.5472408907794956,36.059861952039,48.09951512454582,-6.7699746567597,-7.383764366785131,0.613789710025431,0.019590600420147597,-0.02113080977479631,408.58
2026-02-26,414.42,416.81,403.66,408.58,53602497,TSLA,414.55249999999995,431.29390958820454,397.81109041179536,0.32162493640296624,33.48281917640918,43.89231395386874,-6.675377744055538,-7.242087042239213,0.5667092981836745,-0.02113080977479631,-0.014856331685349278,402.51
2026-02-27,402.94,407.12,398.11,402.51,56890097,TSLA,413.85,431.35711626739334,396.3428837326067,0.17613169905312803,35.01423253478663,41.22012783375945,-7.009407197132816,-7.195551073217934,0.18614387608511773,-0.014856331685349278,0.0020123723634195567,403.32
2026-03-02,390.6,404.54,388.25,403.32,55088338,TSLA,412.4955,428.8200183389903,396.1709816610097,0.21896567453127297,32.649036677980575,41.72993360897624,-7.1266165156733905,-7.181764161709025,0.0551476460356346,0.0020123723634195567,-0.027000892591490633,392.43
2026-03-03,395.09,396.34,385.39,392.43,62617298,TSLA,411.02649999999994,428.9438360464113,393.10916395358856,-0.018952704571408224,35.83467209282276,37.07432073237895,-8.005950124037895,-7.346601354174799,-0.6593487698630955,-0.027000892591490633,0.03442652192747753,405.94
2026-03-04,397.845,408.33,394.58,405.94,68305513,TSLA,410.2255,427.5382334352503,392.91276656474975,0.37623271576300155,34.62546687050053,45.236931605974874,-7.525930015217625,-7.382467086383365,-0.1434629288342606,0.03442652192747753,-0.000960733113267942,405.55
2026-03-05,401.57,408.62,399.42,405.55,51925898,TSLA,410.2025,427.5387797335539,392.8662202664461,0.3658160784347756,34.67255946710782,45.05523768067111,-7.095191411267649,-7.3250119513602225,0.22982054009257347,-0.000960733113267942,-0.02174824312661816,396.73
2026-03-06,398.09,402.35,394.21,396.73,64054561,TSLA,410.1785,427.58783459383307,392.7691654061669,0.1137560592130891,34.81866918766616,41.04057242705841,-7.3804510074747895,-7.336099762583136,-0.04435124489165343,-0.02174824312661816,0.00491518160965887,398.68
2026-03-09,390.05,401.59,381.4,398.68,67018911,TSLA,409.55699999999996,427.66250866449303,391.4514913355069,0.19962180567367968,36.211017328986145,42.26544410632937,-7.364281733762709,-7.341736156819051,-0.02254557694365822,0.00491518160965887,0.001392093909902803,399.235
2026-03-10,402.22,406.59,398.19,399.235,59258743,TSLA,408.65275,426.9227985699966,390.38270143000346,0.24226258994554536,36.54009713999312,42.63075240998669,-7.223416556537984,-7.318072236762839,0.0946556802248546,0.001392093909902803,0.021503625684120786,407.82
2026-03-11,402.28,416.3799,402.15,407.82,62559930,TSLA,407.78325,424.398927619346,391.167572380654,0.5011058832760812,33.231355238692004,48.1010879759507,-6.345890659207612,-7.123635921251794,0.7777452620441823,0.021503625684120786,-0.031410916580844495,395.01
2026-03-12,405.175,406.5,394.65,395.01,60973793,TSLA,406.12025000000006,420.7390141321022,391.5014858678979,0.12000036734971194,29.237528264204343,41.710080116717904,-6.607932868886621,-7.0204953107787595,0.4125624418921383,-0.031410916580844495,-0.009645325434799124,391.2
2026-03-13,399.165,400.2,389.95,391.2,58504091,TSLA,404.82675,419.9118109130371,389.74168908696294,0.048336261996023054,30.170121826074137,40.00746676612652,-7.041864140072278,-7.0247690766374635,-0.01709506343481415,-0.009645325434799124,0.011145194274028603,395.56
2026-03-16,396.22,403.73,394.42,395.56,58068343,TSLA,403.73275,418.159372430425,389.30612756957504,0.2167476296196635,28.85324486084994,42.880909151643074,-6.953783350943411,-7.010571931498653,0.05678858055524216,0.011145194274028603,0.009379108099908828,399.27
2026-03-17,395.69,400.12,393.0,399.27,46890467,TSLA,403.16475,417.3529759197562,388.97652408024385,0.3627471108076712,28.376451839512356,45.28252449111115,-6.509574375404327,-6.9103724202797885,0.40079804487546156,0.009379108099908828,-0.016254664763192817,392.78
2026-03-18,399.0,403.065,392.31,392.78,50853149,TSLA,402.23775,416.5951670640141,387.8803329359859,0.17063191248705709,28.7148341280282,41.95897249478954,-6.605085014222425,-6.849314939068316,0.24422992484589123,-0.016254664763192817,-0.03177351188960731,380.3
2026-03-19,387.27,387.27,378.73,380.3,67078259,TSLA,400.66725,417.237639698195,384.09686030180507,-0.11456762245665994,33.14077939638992,36.42290916487887,-7.60019921826256,-6.999491794907165,-0.6007074233553951,-0.03177351188960731,-0.032448067315277496,367.96
2026-03-20,379.85,379.89,364.4601,367.96,78628603,TSLA,398.47425,419.5554476118542,377.39305238814575,-0.22373141606626365,42.16239522370847,31.936047967153314,-9.277622606404975,-7.455117957206728,-1.8225046491982475,-0.032448067315277496,0.035030981628437985,380.85
2026-03-23,373.09,385.33,372.73,380.85,74606049,TSLA,397.52524999999997,419.9433167041127,375.10718329588724,0.12808456634352033,44.836133408225464,40.22014709572068,-9.457853208437825,-7.855665007452948,-1.6021882009848776,0.035030981628437985,0.00572403833530255,383.03
2026-03-24,376.56,387.48,376.31,383.03,60004909,TSLA,396.20775000000003,418.7807853464051,373.634714653595,0.20810859510529384,45.1460706928101,41.51657737392855,-9.317374583723506,-8.14800692270706,-1.1693676610164463,0.00572403833530255,0.007623423752708636,385.95
2026-03-25,389.99,396.23,385.01,385.95,55157265,TSLA,394.63525,415.3927280440701,373.87777195592986,0.29079226335780356,41.51495608814025,43.2906050002574,-8.868197603292458,-8.29204505882414,-0.576152544468318,0.007623423752708636,-0.03585956730146389,372.11
2026-03-26,381.6,384.44,371.87,372.11,55522879,TSLA,392.81174999999996,414.7242681745516,370.89923182544834,0.027627317063855652,43.82503634910324,37.4864403678195,-9.519261819726296,-8.53748841100457,-0.9817734087217254,-0.03585956730146389,-0.02762623955282051,361.83
2026-03-27,369.69,369.86,359.47,361.83,62065659,TSLA,390.77774999999997,416.012099303084,365.5434006969159,-0.07357829307019394,50.46869860616812,33.855515925476325,-10.740930230667573,-8.978176774937172,-1.762753455730401,-0.02762623955282051,-0.01810242379017779,355.28
2026-03-30,365.86,367.29,352.14,355.28,67954405,TSLA,388.37575000000004,417.2591433731836,359.4923566268165,-0.0729200439226688,57.766786746367075,31.745626115721436,-12.098181205272112,-9.602177661004161,-2.4960035442679516,-0.01810242379017779,0.046357802296780104,371.75
2026-03-31,361.51,373.33,361.0,371.75,75534934,TSLA,387.34175,417.03972152584777,357.6437784741522,0.23749469746730625,59.39594305169555,41.600992746862765,-11.709837311241245,-10.023709591051578,-1.686127720189667,0.046357802296780104,0.025581708137188963,381.26
2026-04-01,378.63,383.14,374.08,381.26,58683752,TSLA,386.10775,414.6401358930526,357.5753641069474,0.4150482890184728,57.06477178610521,46.4124618865066,-10.513501356530526,-10.121667944147367,-0.39183341238315883,0.025581708137188963,-0.054214971410585955,360.59
2026-04-02,364.195,370.28,359.03,360.59,83031226,TSLA,383.85974999999996,412.9890123447637,354.73048765523623,0.10057776739095914,58.25852468952746,38.908923646820455,-11.105278014731198,-10.318389958264135,-0.7868880564670633,-0.054214971410585955,-0.021548018525194723,352.82
2026-04-06,362.59,367.72,346.64,352.82,77697643,TSLA,381.66425,413.10940213431275,350.2190978656872,0.04135617031209537,62.89030426862553,36.518836933634944,-12.062193880674954,-10.6671507427463,-1.3950431379286545,-0.021548018525194723,-0.017487670766963337,346.65
2026-04-07,346.44,348.02,337.24,346.65,74515355,TSLA,379.06275,412.9599294512476,345.1655705487524,0.02189606149064059,67.79435890249522,34.69621987530495,-13.166647121734286,-11.167050018543899,-1.9995971031903874,-0.017487670766963337,-0.009808163854031382,343.25
2026-04-08,363.79,364.5,339.67,343.25,78838616,TSLA,376.2635,412.2190593893363,340.30794061066376,0.04091244079224082,71.91111877867252,33.698145444107496,-14.153137300664184,-11.764267474967955,-2.3888698256962293,-0.009808163854031382,0.006904588492352426,345.62
2026-04-09,343.15,348.88,337.25,345.62,62164016,TSLA,373.1535,408.4062464320171,337.9007535679829,0.10948432694319594,70.50549286403418,35.0996102176216,-14.575679323464897,-12.326549844667344,-2.2491294787975527,0.006904588492352426,0.009634859093802461,348.95
2026-04-10,346.285,350.36,342.74,348.95,51336034,TSLA,370.85049999999995,406.10899484876086,335.59200515123905,0.1894294538955678,70.51698969752181,37.11106969728192,-14.474985132514291,-12.756236902236735,-1.7187482302775567,0.009634859093802461,0.009944118068491159,352.42
2026-04-13,350.065,356.35,348.57,352.42,53617477,TSLA,368.9115,403.74307778510905,334.0799222148909,0.26326797336395286,69.66315557021812,39.22485047308387,-13.954327460031436,-12.995855013795676,-0.9584724462357599,0.009944118068491159,0.03342602576471254,364.2
2026-04-14,357.67,367.63,354.77,364.2,59979607,TSLA,367.3435,399.99032911095816,334.69667088904185,0.4518559675532948,65.2936582219163,45.87571916846926,-12.447666007686962,-12.886217212573934,0.43855120488697175,0.03342602576471254,0.07619439868204281,391.95
2026-04-15,366.83,394.65,362.5,391.95,113810355,TSLA,366.97749999999996,398.3226003348227,335.6323996651772,0.8983477438778031,62.69020066964549,57.63672033426939,-8.911704288526096,-12.091314627764365,3.1796103392382697,0.07619439868204281,-0.007781604796530228,388.9
2026-04-16,393.81,394.06,381.8,388.9,63515136,TSLA,366.7835,397.52972206060616,336.03727793939385,0.8596620741957256,61.492444121212316,56.19146674057699,-6.283110869941083,-10.929673876199711,4.646563006258628,-0.007781604796530228,0.030136281820519528,400.62
2026-04-17,395.92,409.28,391.65,400.62,90640032,TSLA,367.79949999999997,401.4691263567047,334.12987364329524,0.9873903210610533,67.33925271340945,60.30996369659252,-3.2171404038708715,-9.387167181733945,6.1700267778630735,0.030136281820519528,-0.02026858369527229,392.5
2026-04-20,402.58,406.8,388.33,392.5,64603868,TSLA,369.0265,404.3767391929687,333.67626080703127,0.8320133121570074,70.70047838593746,56.35684538413001,-1.4261135098971636,-7.794956447366589,6.3688429374694255,-0.02026858369527229,-0.015490445859872581,386.42
2026-04-21,393.0,393.95,385.2201,386.42,50530611,TSLA,369.305,405.1083085063392,333.5016914936608,0.7390142240202423,71.60661701267838,53.527661043539865,-0.4916495501183249,-6.334295067916937,5.842645517798612,-0.015490445859872581,0.002820764970757228,387.51
2026-04-22,387.57,393.01,385.3,387.51,62362785,TSLA,369.529,405.72686562768723,333.33113437231276,0.7483709976845511,72.39573125537447,53.97375640165189,0.3330347437268415,-5.000829105588181,5.333863849315023,0.002820764970757228,-0.03558617842120193,373.72
2026-04-23,375.28,386.0,368.39,373.72,93969510,TSLA,368.91749999999996,404.39105063987955,333.44394936012037,0.5676912786198665,70.94710127975918,47.73125716630819,-0.12469733082434686,-4.025602750635414,3.9009054198110675,-0.03558617842120193,0.006903564165685605,376.3
2026-04-24,373.5,382.76,370.73,376.3,62893307,TSLA,369.127,404.72277340078597,333.53122659921405,0.6007563442889209,71.19154680157192,48.921549644826705,-0.27608630854030025,-3.2756994622163917,2.9996131536760915,0.006903564165685605,0.006298166356630386,378.67
2026-04-27,372.09,380.78,364.02,378.67,66735816,TSLA,369.969,405.6311333629958,334.3068666370042,0.6219921409557128,71.3242667259916,50.04689911488153,-0.20248979468766493,-2.661057528710647,2.458567734022982,0.006298166356630386,-0.006998177832941654,376.02
2026-04-28,374.675,382.29,372.54,376.02,50864357,TSLA,371.006,406.1009548510907,335.91104514890924,0.5714347692036449,70.18990970218147,48.75348506241569,-0.35391714372406113,-2.1996294517133297,1.8457123079892686,-0.006998177832941654,-0.008563374288601544,372.8
2026-04-29,375.4,376.4,370.04,372.8,45384836,TSLA,371.0585,406.1608903886914,335.95610961130853,0.5248060029632778,70.2047807773829,47.1586476151997,-0.725389657712924,-1.9047814929132485,1.1793918352003245,-0.008563374288601544,0.023685622317596522,381.63
2026-04-30,372.75,384.75,368.17,381.63,51076041,TSLA,371.077,406.2012600491469,335.9527399508531,0.6502238052165927,70.24852009829385,51.81369297506516,-0.30377536345679346,-1.5845802670219575,1.280804903565164,0.023685622317596522,0.024080916070539526,390.82
2026-05-01,382.485,397.8211,378.8,390.82,65338257,TSLA,372.5885,408.37309013318577,336.80390986681425,0.7547395391723731,71.56918026637152,56.14399830231247,0.7631164666693167,-1.1150409202837028,1.8781573869530195,0.024080916070539526,0.004324241338723667,392.51
2026-05-04,390.23,394.64,384.8004,392.51,48765143,TSLA,374.573,410.15387188364116,338.9921281163588,0.752059590594895,71.16174376728236,56.91086265784289,1.7251187100254128,-0.5470089942218798,2.2721277042472927,0.004324241338723667,-0.007999796183536745,389.37
2026-05-05,395.185,402.12,389.0,389.37,47780631,TSLA,376.709,410.40766341563244,343.01033658436756,0.6878561152981323,67.39732683126488,54.98698671202919,2.208680368381067,0.004128878298709671,2.2045514900823573,-0.007999796183536745,0.024038831959318996,398.73
2026-05-06,386.25,401.68,384.02,398.73,53465365,TSLA,379.483,410.7544496625929,348.2115503374071,0.807740770058118,62.54289932518577,59.39362131524994,3.3090357375385224,0.6651102501466722,2.6439254873918503,0.024038831959318996,0.032753993930729974,411.79
2026-05-07,407.48,415.83,402.12,411.79,64294224,TSLA,382.7915,413.0161053903119,352.56689460968806,0.9797167676057584,60.449210780623844,64.60092471832029,5.175251075339588,1.5671384151852554,3.6081126601543327,0.032753993930729974,0.040214672527258966,428.35
2026-05-08,416.475,431.2,416.39,428.35,65049970,TSLA,386.7615,418.95698308381264,354.5660169161874,1.145874762800345,64.39096616762527,69.87604587275337,7.899434020051558,2.833597536158516,5.065836483893042,0.040214672527258966,0.03887008287615257,445.0
2026-05-11,422.16,449.16,416.8,445.0,78376127,TSLA,391.39050000000003,428.71764051464504,354.063359485355,1.2181034933410813,74.65428102929002,74.06134549827226,11.271948475081729,4.521267723943159,6.75068075113857,0.03887008287615257,-0.025955056179775338,433.45
2026-05-12,441.41,447.8,422.26,433.45,60569303,TSLA,394.853,434.23948808919175,355.46651191080826,0.9899776785454449,78.77297617838349,67.09714816597109,12.864409105375103,6.189896000229547,6.6745131051455555,-0.025955056179775338,0.027269581266581966,445.27
2026-05-13,436.665,453.4,430.21,445.27,68283229,TSLA,397.519,442.56957731039677,352.46842268960324,1.029971010926202,90.10115462079352,70.18679160337167,14.908366475486673,7.933590095280973,6.9747763802057,0.027269581266581966,-0.004424281896377447,443.3
2026-05-14,446.49,451.98,441.16,443.3,46070361,TSLA,400.239,449.2724934101174,351.20550658988253,0.9390978187076809,98.06698682023489,69.02345617293236,16.182710666024434,9.583414209429666,6.599296456594768,-0.004424281896377447,-0.0475073313782991,422.24
2026-05-15,433.98,434.66,422.0,422.24,52688742,TSLA,401.32,451.2838769512538,351.3561230487462,0.709351248106809,99.92775390250756,57.96291007035025,15.316710123955431,10.73007339233482,4.586636731620612,-0.0475073313782991,-0.029011936339522593,409.99
2026-05-18,419.27,421.13,405.33,409.99,52474188,TSLA,402.1945,452.12250115165864,352.26649884834137,0.5780674152798628,99.85600230331727,52.67541207643482,13.486462290437544,11.281351171955365,2.2051111184821792,-0.029011936339522593,-0.014341813214956423,404.11
2026-05-19,403.16,405.63,393.63,404.11,46500551,TSLA,403.079,452.4818622247742,353.6761377752258,0.5104346180926638,98.80572444954839,50.30336662323897,11.429755728103714,11.311032083185035,0.11872364491867948,-0.014341813214956423,0.0325406448739205,417.26
2026-05-20,407.6,417.46,406.39,417.26,44484579,TSLA,404.5665,453.7958974267411,355.33710257325896,0.628921951755446,98.45879485348212,55.1658397574407,10.737125165271152,11.19625069960226,-0.4591255343311076,0.0325406448739205,0.0014139864832478644,417.85
2026-05-21,422.175,426.95,412.9,417.85,42636854,TSLA,406.773,454.19712850016344,359.3488714998366,0.6167865425293142,94.84825700032684,55.37680062017559,10.119171018718362,10.98083476342548,-0.8616637447071192,0.0014139864832478644,0.019528538949383778,426.01
2026-05-22,422.665,431.51,420.51,426.01,46104710,TSLA,409.2585,455.2218420347129,363.29515796528716,0.6822267404679662,91.92668406942573,58.299328935105066,10.170640892288475,10.818795989198081,-0.6481550969096066,0.019528538949383778,0.017793009553766392,433.59
2026-05-26,430.26,435.2,426.12,433.59,45658897,TSLA,412.0045,456.8792129127307,367.12978708726934,0.7405085024385337,89.74942582546134,60.86348194424893,10.699733916968228,10.794983574752111,-0.09524965778388328,0.017793009553766392,0.015613828732212509,440.36
2026-05-27,442.89,445.6,435.52,440.36,44656505,TSLA,415.2215,458.5132258953716,371.9297741046284,0.7903383900742985,86.5834517907432,63.048889947423106,11.532388179415761,10.942464495684842,0.5899236837309196,0.015613828732212509,0.00395131256244885,442.1
2026-05-28,437.615,443.96,436.3,442.1,32434996,TSLA,418.68649999999997,458.8203093258038,378.5526906741961,0.7916929690118707,80.26761865160768,63.61131157174984,12.192132821738824,11.192398160895639,0.9997346608431847,0.00395131256244885,-0.014272788961773308,435.79
2026-05-29,439.845,441.07,428.14,435.79,45176821,TSLA,421.39450000000005,458.3439072888859,384.4450927111142,0.6948001477730071,73.89881457777165,60.04223267660214,12.066723264336815,11.367263181583876,0.6994600827529389,-0.014272788961773308,-0.04568714288992415,415.88
2026-06-01,427.49,429.6,415.43,415.88,44937852,TSLA,422.6474999999999,456.97097003145166,388.3240299685482,0.40141585344082864,68.64694006290347,50.427897777005896,10.242693289000954,11.142349203067294,-0.89965591406634,-0.04568714288992415,0.018899682600750145,423.74
2026-06-02,418.22,424.42,413.65,423.74,37596045,TSLA,424.209,455.6244801968705,392.7935198031295,0.49253552711814486,62.83096039374095,53.58750636024812,9.323892672552631,10.778657896964361,-1.4547652244117302,0.018899682600750145,-9.439750790585233e-05,423.7
2026-06-03,418.7,433.6,416.0,423.7,44500733,TSLA,425.9255,452.9892680118633,398.8617319881367,0.4588841435711304,54.127536023726634,53.56879394071982,8.494588569380198,10.32184403144753,-1.8272554620673311,-9.439750790585233e-05,-0.01239084257729528,418.45
2026-06-04,419.84,426.3499,417.16,418.45,35323259,TSLA,426.9115,451.23877545369504,402.58422454630494,0.3260902661272989,48.6545509073901,51.049151466381424,7.329241040463046,9.723323433250632,-2.3940823927875865,-0.01239084257729528,-0.06559923527303135,391.0
2026-06-05,420.5,424.6799,388.59,391.0,63420177,TSLA,425.872,454.15077833287637,397.59322166712366,-0.11657543316605205,56.55755666575271,40.35994731868263,4.14295176805831,8.607249100212169,-4.464297332153858,-0.06559923527303135,0.04590792838874669,408.95
2026-06-08,396.33,412.94,394.72,408.95,50328834,TSLA,424.90199999999993,454.090498145673,395.71350185432686,0.22674167885604826,58.37699629134613,48.02412309358602,3.0312669903273672,7.492052678235209,-4.460785687907841,0.04590792838874669,-0.030003667930064704,396.68
2026-06-09,411.03,418.5,384.24,396.68,59940230,TSLA,422.486,452.60460780315,392.36739219685,0.07159374416202204,60.23721560629997,43.873664013787284,1.1469411161469907,6.223030365817565,-5.0760892496705745,-0.030003667930064704,-0.03804073812644959,381.59
2026-06-10,391.54,397.09,380.15,381.59,49695583,TSLA,419.89300000000003,454.3993855539808,385.3866144460193,-0.05501321545370198,69.0127711079615,39.36752891248132,-1.5462138122410352,4.6691815302058455,-6.215395342446881,-0.03804073812644959,0.04601797741030955,399.15
2026-06-11,388.28,399.54,380.66,399.15,45324348,TSLA,417.587,451.1529959482805,384.0210040517195,0.22536194027419437,67.13199189656098,46.28173381091577,-2.2378170887587885,3.287781806412919,-5.525598895171708,0.04601797741030955,0.018238757359388735,406.43
2026-06-12,399.49,406.68,386.76,406.43,63652286,TSLA,415.74350000000004,447.45700139924617,384.0299986007539,0.35316190913846196,63.42700279849225,48.884191985849625,-2.1734285778965727,2.195539729551021,-4.368968307447593,0.018238757359388735,0.011613315946165326,411.15
2026-06-15,412.37,416.0,407.1,411.15,45620514,TSLA,415.189,446.81644751003455,383.5615524899655,0.4361472341592128,63.25489502006906,50.556686277048605,-1.7216891055356314,1.4120939625336906,-3.133783068069322,0.011613315946165326,-0.01578499331144345,404.66
2026-06-16,404.11,412.42,400.54,404.66,40255473,TSLA,414.92249999999996,446.8094470943831,383.03555290561684,0.3390799224268216,63.773894188766235,48.22039206811999,-1.865862577554367,0.7565026545160791,-2.622365232070446,-0.01578499331144345,-0.020461622102505905,396.38
2026-06-17,401.53,405.94,393.76,396.38,43534299,TSLA,414.53599999999994,447.117631266712,381.9543687332879,0.22137674981072028,65.16326253342413,45.34156385366359,-2.6180684308162654,0.0815884374496102,-2.6996568682658757,-0.020461622102505905,0.010368837983752988,400.49
2026-06-18,398.095,402.52,384.7,400.49,58384713,TSLA,413.69750000000005,446.8143288789853,380.5806711210148,0.3005923204745451,66.23365775797049,47.031984859128364,-2.8497047154993993,-0.5046701931401917,-2.3450345223592075,0.010368837983752988,0.011386052086194365,405.05
2026-06-22,394.85,414.75,394.4,405.05,47819486,TSLA,413.0575,446.3229949609952,379.79200503900483,0.37964255440375927,66.53098992199034,48.91954224333522,-2.6349501839491154,-0.9307261913019765,-1.704223992647139,0.011386052086194365,-0.057869398839649366,381.61
2026-06-23,392.61,392.87,379.06,381.61,50420210,TSLA,410.8375,446.2086062167979,375.4663937832021,0.08684498272604643,70.7422124335958,40.85919551395607,-4.306524836621122,-1.6058859203658056,-2.7006389162553166,-0.057869398839649366,-0.015932496527868878,375.53
2026-06-24,380.08,384.58,373.05,375.53,37081421,TSLA,407.93449999999996,444.85595960007544,371.0130403999245,0.06116984064284204,73.84291920015096,39.06136237525924,-6.052100136160561,-2.495128763524757,-3.5569713726358043,-0.015932496527868878,-0.0010917902697520354,375.12
2026-06-25,375.27,379.117,371.221,375.12,30259987,TSLA,404.6725,441.0827633195644,368.26223668043565,0.09417349250368462,72.82052663912873,38.93694346669268,-7.3834528621682125,-3.4727935832534484,-3.910659278914764,-0.0010917902697520354,0.012236084452974971,379.71
2026-06-26,370.15,387.8,368.6,379.71,53434138,TSLA,401.553,435.1869691978217,367.91903080217827,0.1752836414945837,67.26793839564345,41.195160014739294,-7.976239723146648,-4.373482811232089,-3.6027569119145593,0.012236084452974971,0.08461720786916338,411.84
2026-06-29,381.79,413.27,379.3,411.84,57645798,TSLA,400.3555,430.5587762957932,370.1522237042068,0.6901201029902765,60.40655259158643,54.01507746956175,-5.786699631626618,-4.656126175310995,-1.1305734563156236,0.08461720786916338,0.021270396270396397,420.6
2026-06-30,406.0,424.54,406.0,420.6,43385619,TSLA,400.5915,431.3450534694777,369.8379465305223,0.8253038713047919,61.50710693895542,56.781508363067545,-3.306499279220702,-4.386200796092936,1.079701516872234,0.021270396270396397,0.011174512601046072,425.3
2026-07-01,421.46,432.8599,418.0901,425.3,40127902,TSLA,400.6695,431.6644689304575,369.6745310695426,0.8973306128369213,61.98993786091489,58.23332802350924,-0.9507126865468649,-3.6991031741837217,2.748390487636857,0.011174512601046072,-0.07488831413120156,393.45
2026-07-02,428.01,432.35,389.3011,393.45,73915762,TSLA,399.15700000000004,428.4124426389352,369.9015573610649,0.4024625935345654,58.51088527787033,46.76796515572734,-1.634917348280453,-3.2862660090030684,1.6513486607226153,-0.07488831413120156,0.0668954123776846,419.77
2026-07-06,397.5,420.0,390.5,419.77,54727861,TSLA,399.22299999999996,428.6576510765802,369.78834892341973,0.8490274089973554,58.86930215316045,54.7045226407146,-0.052742455356337814,-2.6395612982737227,2.586818842917385,0.0668954123776846,-0.04018867475045862,402.9
2026-07-07,416.96,419.56,401.88,402.9,38149901,TSLA,399.818,429.0440689111626,370.5919310888374,0.5527268995595719,58.4521378223252,49.60000509938438,-0.1583006736595962,-2.1433091733508975,1.9850084996913013,-0.04018867475045862,-0.021940928270042126,394.06
2026-07-08,399.375,399.63,390.51,394.06,33844906,TSLA,399.07349999999997,428.08898226378506,370.0580177362149,0.41360646784324806,58.03096452757018,47.11888200572937,-0.9443841703511566,-1.9035241727509495,0.9591400023997929,-0.021940928270042126,0.03169568086078267,406.55
2026-07-09,393.99,407.86,390.8631,406.55,37834988,TSLA,399.567,428.7381824237556,370.39581757624444,0.6196900403034982,58.342364847511135,50.85916112402642,-0.553146064678117,-1.6334485511363832,1.0803024864582662,0.03169568086078267,0.002976263682203939,407.76
2026-07-10,410.49,413.16,402.8101,407.76,33409995,TSLA,400.8755,429.03397543813446,372.7170245618655,0.6222456097654431,56.31695087626895,51.219126370994395,-0.14379260792941295,-1.3355173624949892,1.1917247545655762,0.002976263682203939,-0.03188149892093384,394.76
2026-07-13,404.61,405.57,391.37,394.76,32809171,TSLA,400.656,428.9330475120728,372.3789524879272,0.39574583418790915,56.55409502414557,47.21726958380809,-0.858472462523082,-1.2401083825006078,0.3816359199775259,-0.03188149892093384,0.003597122302158251,396.18
2026-07-14,399.05,402.22,394.76,396.18,23384992,TSLA,400.1435,428.3548433037143,371.93215669628574,0.4297534336218903,56.422686607428545,47.69797339877453,-1.295347306292797,-1.2511561672590457,-0.04419113903375127,0.003597122302158251,-0.004341460952092535,394.46
2026-07-15,399.395,406.5895,390.66,394.46,31549805,TSLA,399.30899999999997,427.15367913264623,371.4643208673537,0.412927709152252,55.689358265292526,47.13798183153795,-1.760074351339881,-1.3529398040752127,-0.40713454726466836,-0.004341460952092535,-0.008619378390711252,391.06
2026-07-16,392.35,395.31,385.32,391.06,29269113,TSLA,398.629,426.5818015769445,370.67619842305555,0.364611066279615,55.90560315388893,45.98859335245193,-2.3753439809198653,-1.5574206394441432,-0.8179233414757221,-0.008619378390711252,-0.026134097069503426,380.84
2026-07-17,381.78,385.6899,377.22,380.84,31394594,TSLA,397.852,426.85583257433456,368.8481674256654,0.2067284132812524,58.00766514866916,42.624185698321114,-3.6455940441985604,-1.9750553203950267,-1.6705387238035336,-0.026134097069503426,-0.029592479781535452,369.57
2026-07-20,386.045,386.61,369.425,369.57,33901516,TSLA,396.306,427.77414795948494,364.83785204051503,0.07518948947325362,62.936295918969904,39.21703786682223,-5.498290315494387,-2.679702319414899,-2.818587996079488,-0.029592479781535452,0.025326731065833386,378.93
2026-07-21,371.165,384.07,369.98,378.93,32735334,TSLA,395.0,427.07047489514366,362.92952510485634,0.24945802872358733,64.14094979028732,43.272716068710565,-6.14050773242991,-3.371863402017901,-2.768644330412009,0.025326731065833386,-0.012983928430053138,374.01
2026-07-22,375.53,380.17,372.9,374.01,30646124,TSLA,394.62,427.4863256236538,361.7536743763462,0.18645719275100425,65.73265124730756,41.697760536899466,-6.966170862707827,-4.090724894155887,-2.87544596855194,-0.012983928430053138,-0.14523675837544447,319.69
2026-07-23,341.0,342.11,315.735,319.69,115606413,TSLA,391.82800000000003,437.6431684925424,346.0128315074577,-0.2872720146357472,91.63033698508468,29.10337794492402,-11.866890741270822,-5.645958063578874,-6.220932677691948,-0.14523675837544447,-0.020832681660358565,313.03
2026-07-24,320.72,322.96,306.51,313.03,62760007,TSLA,388.72349999999994,445.7013157794772,331.74568422052266,-0.1642365889643654,113.95563155895456,27.987226403048993,-16.10253291688258,-7.737273034239616,-8.365259882642965,-0.020832681660358565,-0.012171357377886882,309.22
2026-07-27,313.24,317.0,304.28,309.22,44919377,TSLA,385.199,451.86755147669,318.53044852331004,-0.0698263897826348,133.33710295337994,27.341225433303237,-19.541482964249326,-10.098115020241558,-9.443367944007768,-0.012171357377886882,-0.005756419377789368,307.44
2026-07-28,305.925,311.16,300.69,307.44,39802421,TSLA,379.979,453.4844147393243,306.4735852606757,0.006573765638569274,147.0108294786486,27.027350600576113,-22.15511638638276,-12.509515293469798,-9.64560109291296,-0.005756419377789368,-0.029664324746291992,298.32
2026-07-29,307.14,309.06,297.38,298.32,39478039,TSLA,373.865,452.9671323353554,294.7628676646446,0.022484427602247448,158.2042646707108,25.41734208899635,-24.67787628820946,-14.943187492417731,-9.73468879579173,-0.029664324746291992,0.03529766693483527,308.85
2026-07-30,302.7,310.87,301.33,308.85,38005390,TSLA,368.04249999999996,448.27852379854124,287.8064762014587,0.13113513607913807,160.47204759708256,30.56071654396888,-25.533168219404672,-17.06118363781512,-8.471984581589552,0.03529766693483527,0.0076412497976363625,311.21
2026-07-31,309.69,315.5,301.97,311.21,36630560,TSLA,363.9305,446.9188349573908,280.9421650426092,0.18236198480745147,165.9766699147816,31.697596446343596,-25.724030351031615,-18.79375298045842,-6.930277370573194,0.0076412497976363625,0.03492818354165994,322.08
2026-08-03,310.96,324.65,310.425,322.08,38281362,TSLA,359.046,439.7820718390491,278.3099281609509,0.2710688719554417,161.47214367809818,36.82783263896731,-24.71329235898969,-19.977660856164675,-4.735631502825015,0.03492818354165994,0.01636239443616505,327.35
2026-08-04,324.0,329.57,320.7901,327.35,33318303,TSLA,355.2685,434.49935188864316,276.0376481113569,0.32381547506747305,158.4617037772863,39.21172661363076,-23.219371797031044,-20.62600304433795,-2.5933687526930953,0.01636239443616505,-0.01771803879639533,321.55
2026-08-05,323.42,327.14,320.28,321.55,27820813,TSLA,351.64300000000003,430.0737480775245,273.21225192247556,0.30815559753264915,156.86149615504894,37.5330128621629,-22.2469910513708,-20.95020064574452,-1.296790405626279,-0.01771803879639533,-0.006282071217540208,319.53
2026-08-06,317.05,323.0,315.5205,319.53,26033776,TSLA,347.29200000000003,422.65081278258117,271.9331872174189,0.3158012382699245,150.71762556516228,36.93986355400318,-21.39276692241907,-21.03871390107943,-0.35405302133964156,-0.006282071217540208,0.02832284918474004,328.58
2026-08-07,322.34,333.73,321.2508,328.58,39492345,TSLA,343.33299999999997,413.7248171664869,272.94118283351304,0.39520799011973945,140.78363433297386,41.40746843105261,-19.75777346614734,-20.782525814093013,1.0247523479456717,0.02832284918474004,0.00699981739606792,330.88
2026-08-10,326.595,332.05,326.15,330.88,25003808,TSLA,340.139,406.59401904295964,273.6839809570404,0.4303363377714589,132.91003808591927,42.52198253923888,-18.068160091961204,-20.239652669666654,2.1714925777054503,0.00699981739606792,0.005832930367504874,332.81
2026-08-11,332.8,336.2,329.53,332.81,23345233,TSLA,336.9705,398.2790320245081,275.6619679754919,0.46606915984926167,122.61706404901622,43.49329167429252,-16.384523857576482,-19.468626907248623,3.084103049672141,0.005832930367504874,-0.0159250022535381,327.51
2026-08-12,335.0,335.5,323.64,327.51,28698879,TSLA,333.623,389.03784245218185,278.20815754781813,0.44484329712499876,110.82968490436372,41.42314096380268,-15.301509441946564,-18.63520341418821,3.3336939722416474,-0.0159250022535381,0.0380141064394981,339.96
2026-08-13,327.2,341.64,325.24,339.96,34708303,TSLA,331.068,379.98550590535194,282.150494094648,0.5908877081469023,97.83501181070392,47.71831094896575,-13.285455305006337,-17.56525379235184,4.279798487345502,0.0380141064394981,0.006794917049064653,342.27
2026-08-14,342.33,351.26,335.3306,342.27,45437144,TSLA,329.1395,372.8166393179561,285.4623606820439,0.6503131867727645,87.35427863591224,48.8173954289755,-11.370251006207013,-16.326253235122874,4.95600222891586,0.006794917049064653,-0.008677359978963906,339.3
2026-08-17,340.69,345.45,337.48,339.3,26037093,TSLA,327.626,367.52903066184507,287.7229693381549,0.6462796159385784,79.80606132369019,47.436615968636346,-9.977082384569826,-15.056419065012264,5.079336680442438,-0.008677359978963906,-0.0071618037135279256,336.87
2026-08-18,333.22,340.53,331.12,336.87,27994466,TSLA,325.523,358.16088663501597,292.8851133649841,0.6738317208906874,65.27577327003189,46.28314392479588,-8.965715716511397,-13.838278395312091,4.872562678800694,-0.0071618037135279256,0.04230118443316422,351.12
2026-08-19,338.89,351.62,335.7,351.12,36735428,TSLA,324.37850000000003,351.22688116162976,297.5301188383703,0.9980095417860332,53.69676232325946,53.433964947631885,-6.934408888642054,-12.457504493978083,5.52309560533603,0.04230118443316422,-0.017059694691273664,345.13
2026-08-20,346.2,347.5,338.96,345.13,30766360,TSLA,325.6505,353.86560551105833,297.4353944889417,0.8451962990598315,56.43021102211662,50.39695469797035,-5.741739335312616,-11.11435146224499,5.372612126932374,-0.017059694691273664,0.05137194680265411,362.86
2026-08-21,349.88,366.5,346.9,362.86,59223958,TSLA,328.142,360.0217092834949,296.2622907165051,1.0445156304793313,63.75941856698978,58.00529586818498,-3.327519721333033,-9.5569851140626,6.229465392729567,0.05137194680265411,-0.03833434382406442,348.95
2026-08-24,361.41,363.24,348.26,348.95,39190484,TSLA,330.1285,361.99568203732713,298.2613179626728,0.7953116466017254,63.73436407465431,51.35057250817513,-2.5077462947526783,-8.147137350200616,5.639391055447938,-0.03833434382406442,0.003725462100587551,350.25
2026-08-25,349.58,357.0,349.2003,350.25,29816685,TSLA,332.269,363.49737933675306,301.04062066324695,0.7878951835140215,62.4567586735061,51.90590745028552,-1.733191658032922,-6.864348211767077,5.131156553734155,0.003725462100587551,-0.012648108493932941,345.82
2026-08-26,345.27,351.93,342.53,345.82,28573007,TSLA,334.64399999999995,362.1915620699934,307.0964379300065,0.7028491663183084,55.095124139986865,49.81893478291326,-1.4599856986880013,-5.783475709151262,4.323490010463261,-0.012648108493932941,0.0259961829853681,354.81
2026-08-27,346.155,355.74,345.45,354.81,30136164,TSLA,336.942,363.1338381180119,310.7501618819881,0.8410986262111998,52.3836762360238,53.8721857782609,-0.5121464348288214,-4.729209854286774,4.217063419457952,0.0259961829853681,-0.017079563710154733,348.75
2026-08-28,357.095,358.8,345.2,348.75,32972214,TSLA,338.819,362.6387077228109,314.9992922771891,0.7084618357951046,47.63941544562181,50.8883195604261,-0.24711970177867215,-3.8327918237851537,3.5856721220064816,-0.017079563710154733,0.055053763440860104,367.95
2026-08-31,347.21,368.92,347.15,367.95,61732258,TSLA,341.1125,366.8033955663312,315.42160443366885,1.0223153846604607,51.38179113266233,58.694459736914,1.4949624361014457,-2.767240971807834,4.262203407909279,0.055053763440860104,-0.032232640304389215,356.09
2026-09-01,360.9,362.7,352.96,356.09,36193926,TSLA,342.54949999999997,368.21554876096303,316.8834512390369,0.7637823243871202,51.33209752192613,53.08183948128808,1.8967081289009116,-1.8344511516660849,3.731159280566996,-0.032232640304389215,0.0025836165014463397,357.01
2026-09-02,360.41,360.62,349.92,357.01,33951909,TSLA,344.3225,368.81326060476954,319.83173939523044,0.759026254936507,48.981521209539096,53.453667267767386,2.2632415562634947,-1.014912610080169,3.278154166343664,0.0025836165014463397,0.05421416767037335,376.365
2026-09-03,365.82,384.04,365.82,376.365,63600987,TSLA,347.16425,372.6575026906656,321.6709973093344,1.0727152661592676,50.9865053813312,60.53898247642964,4.068608297857963,0.0017915715074573457,4.066816726350506,0.05421416767037335,-0.05921113812389578,354.08
2026-09-04,362.07,364.69,351.3201,354.08,65018209,TSLA,348.43925,372.60315040432477,324.27534959567527,0.6167185327206202,48.3278008086495,50.92675841725523,3.658982715940624,0.7332298003940907,2.9257529155465334,-0.05921113812389578,0.03976502485314071,368.16
2026-09-08,357.095,370.0,355.75,368.16,51078786,TSLA,350.30325,374.5130051154514,326.0934948845486,0.8687924540096507,48.4195102309028,55.71145975596269,4.4195440666784975,1.4704926536509721,2.9490514130275254,0.03976502485314071,-0.00095067362016521,367.81
2026-09-09,368.25,375.44,366.0,367.81,32564336,TSLA,352.05325000000005,376.0106443230503,328.0958556769498,0.8288494104895168,47.91478864610053,55.566424824043246,4.937140064360051,2.163822135792788,2.773317928567263,-0.00095067362016521,-0.011554878877681363,363.56
2026-09-10,360.595,369.21,357.68,363.56,29667241,TSLA,353.85575,375.46518203210394,332.24631796789606,0.7245373683487594,43.21886406420788,53.73703056967766,4.947368950699001,2.7205314987740303,2.226837451924971,-0.011554878877681363,0.005171085928044938,365.44
2026-09-11,364.2,368.66,361.6,365.44,30153019,TSLA,355.12975,376.31219189771605,333.94730810228396,0.7433678338358072,42.36488379543209,54.45140101956517,5.048974272466523,3.186220053512529,1.8627542189539943,0.005171085928044938,-0.017704684763572565,358.97
2026-09-14,359.78,367.73,357.04,358.97,32477181,TSLA,355.96475,376.35547864686583,335.5740213531341,0.5736915794439246,40.781457293731705,51.50385349980292,4.554916057071125,3.4599592542242488,1.0949568028468764,-0.017704684763572565,-0.006657937989247187,356.58
2026-09-15,358.75,362.39,354.05,356.58,30317727,TSLA,356.82875,375.73189150479004,337.92560849521,0.49342040581093366,37.806283009580056,50.41813598028648,3.9252702637319885,3.553021456125797,0.3722488076061916,-0.006657937989247187,0.004206629648325855,358.08
2026-09-16,357.925,365.1,354.8913,358.08,32177388,TSLA,357.88925,374.42626613804964,341.35223386195037,0.5057673645114577,33.074032276099274,51.11465637198269,3.5068837274836255,3.543793910397363,-0.036910182913737266,0.004206629648325855,0.022676496872207297,366.2
2026-09-17,367.48,374.12,363.22,366.2,38924057,TSLA,358.64324999999997,375.251922516192,342.03457748380794,0.7274940996227375,33.21734503238406,54.81509977975715,3.786872809027159,3.5924096901233225,0.19446311890383638,0.022676496872207297,-0.005270344074276401,364.27
2026-09-18,369.0,370.9,360.751,364.27,51922256,TSLA,359.60024999999996,375.1564412031869,344.04405879681303,0.6500929738843577,31.112382406373854,53.77319766266972,3.809122114407046,3.6357521749800674,0.17336993942697854,-0.005270344074276401,0.030279737557306508,375.3
2026-09-21,371.635,378.36,371.07,375.3,36599609,TSLA,360.22225,377.1815773672663,343.26292263273365,0.9445267690598987,33.91865473453265,58.61465568897843,4.6630311472328,3.8412079694306143,0.8218231778021861,0.030279737557306508,0.00959232613908867,378.9
2026-09-22,379.069,380.42,372.88,378.9,28229908,TSLA,361.71975000000003,379.6921651062151,343.74733489378497,0.9779616400596828,35.94483021243013,60.08405687156642,5.566087726828698,4.186183920910231,1.3799038059184667,0.00959232613908867,0.003219846925310188,380.12
2026-09-23,380.1,386.7,377.575,380.12,33522492,TSLA,363.21325,382.0676484987616,344.3588515012384,0.9483502881598278,37.70879699752322,60.59466862764681,6.307501426206386,4.610447421969463,1.6970540042369233,0.003219846925310188,-0.0057350310428285756,377.94
2026-09-24,377.35,383.3324,375.7,377.94,26165727,TSLA,364.81925,382.9311743248779,346.70732567512215,0.8622130306159079,36.22384864975572,59.138878254108604,6.642597613169471,5.016877460209464,1.6257201529600067,-0.0057350310428285756,-0.015425728951685369,372.11
2025-11-12,509.355,511.67,499.1201,511.14,26574851,MSFT,517.066,540.5659135317559,493.56608646824424,0.373914429685195,46.999827063511646,46.71567613655739,-3.0635590151620136,-1.0736618409622902,-1.9898971741997233,0.004836046237320035,-0.015357827601048535,503.29
2025-11-13,510.31,513.5,501.29,503.29,25273114,MSFT,516.65,540.806898807587,492.49310119241295,0.22347443878425438,48.31379761517405,40.91912029761372,-3.5028830366527473,-1.5595060801003817,-1.9433769565523655,-0.015357827601048535,0.013689920324266192,510.18
2025-11-14,498.23,511.6,497.44,510.18,28505746,MSFT,516.48,540.7684202862187,492.1915797137813,0.3703085683268042,48.576840572437334,47.1210195424172,-3.2575342439556607,-1.8991117128714377,-1.358422531084223,0.013689920324266192,-0.005272648869026564,507.49
2025-11-17,508.45,512.12,504.91,507.49,19092752,MSFT,516.015,540.6159605503525,491.41403944964753,0.32673440773681783,49.201921100704965,45.12918620529129,-3.2427734035923663,-2.1678440510156234,-1.074929352576743,-0.005272648869026564,-0.02699560582474525,493.79
2025-11-18,495.365,502.98,486.78,493.79,33815114,MSFT,514.8215,541.2366170923015,488.40638290769857,0.10190409290047171,52.83023418460289,36.63554445788543,-4.287131452839446,-2.591701531380388,-1.6954299214590582,-0.02699560582474525,-0.013507766459426085,487.12
2025-11-19,490.1,495.1872,482.83,487.12,23245314,MSFT,513.1505,542.0213125794892,484.27968742051075,0.04919003529376072,57.74162515897842,33.34507347258304,-5.588584266889541,-3.191078078482219,-2.3975061884073217,-0.013507766459426085,-0.017839546723599886,478.43
2025-11-20,492.71,493.57,475.5,478.43,26802542,MSFT,511.044,543.3843298684474,478.7036701315526,-0.004231096786362658,64.68065973689477,29.613257460412598,-7.237772833260522,-4.000417029437879,-3.237355803822642,-0.017839546723599886,-0.013188972263445065,472.12
2025-11-21,478.5,478.92,468.27,472.12,31769248,MSFT,508.46950000000004,544.3974754369765,472.5415245630236,-0.005866244310968821,71.8559508739529,27.23020439859569,-8.950752219069614,-4.990484067364227,-3.960268151705387,-0.013188972263445065,0.003982038464797055,474.0
2025-11-24,475.0,476.9,468.02,474.0,34421046,MSFT,505.59350000000006,542.8641062601614,468.3228937398387,0.07616063742742972,74.54121252032269,29.061846359276288,-10.040855701181272,-6.000558394127636,-4.040297307053636,0.003982038464797055,0.006308016877637046,476.99
2025-11-25,474.07,479.15,464.89,476.99,28019793,MSFT,502.33950000000004,537.61369820492,467.0653017950802,0.1406792884031531,70.54839640983977,31.993663188998795,-10.541981156383542,-6.908842946578817,-3.6331382098047253,0.006308016877637046,0.01784104488563698,485.5
2025-11-26,486.31,488.31,481.2,485.5,25709079,MSFT,499.537,530.5543197423627,468.5196802576372,0.2737231953535212,62.03463948472552,39.63993460189325,-10.135603878762709,-7.554195133015595,-2.5814087457471135,0.01784104488563698,0.013408856848609707,492.01
2025-11-28,487.595,492.63,486.65,492.01,14386730,MSFT,497.8495,526.5633555230739,469.135644476926,0.39831564076604997,57.42771104614792,44.7569215737526,-9.182395426167886,-7.879835191646054,-1.3025602345218328,0.013408856848609707,-0.010711164407227414,486.74
2025-12-01,488.435,489.8599,484.6475,486.74,23963993,MSFT,496.296,523.8610491746334,468.73095082536656,0.3266645573628464,55.13009834926686,41.67676416010646,-8.751335864434964,-8.054135326203836,-0.6972005382311277,-0.010711164407227414,0.006697620906438662,490.0
2025-12-02,486.715,493.4999,486.32,490.0,19562722,MSFT,494.94450000000006,520.9151353214542,468.97386467854597,0.4048059483566916,51.941270642908194,44.233454413669605,-8.053823833283161,-8.054073027619701,0.0002491943365399152,0.006697620906438662,-0.025040816326530546,477.73
2025-12-03,476.32,484.24,475.2,477.73,34615102,MSFT,493.1145,518.5150232032719,467.7139767967281,0.19716174984107673,50.801046406543776,37.55969942008893,-8.39436199881061,-8.122130821857883,-0.2722311769527259,-0.025040816326530546,0.00650995332091342,480.84
2025-12-04,479.76,481.322,476.49,480.84,22318155,MSFT,491.7985,516.8771086336534,466.71989136634664,0.28151698604812825,50.15721726730675,40.029476475586826,-8.317411991758775,-8.161187055838061,-0.1562249359207133,0.00650995332091342,0.004824889776225083,483.16
2025-12-05,482.515,483.4,478.8801,483.16,22608710,MSFT,491.10150000000004,516.3264267788819,465.8765732211182,0.342586262596239,50.44985355776373,41.87643560478777,-7.9772669777808005,-8.12440304022661,0.14713606244581,0.004824889776225083,0.016267902972100234,491.02
2025-12-08,484.885,492.3,484.38,491.02,20668450,MSFT,490.81149999999997,515.8997763656643,465.7232236343357,0.5041553273122694,50.17655273132857,47.74785147311167,-6.992854024062524,-7.898093236993794,0.9052392129312699,0.016267902972100234,0.002036576921510269,492.02
2025-12-09,489.1,492.12,488.5001,492.02,14092776,MSFT,490.1125,514.2293238995094,465.9956761004906,0.5395470814885952,48.2336477990188,48.46117614248656,-6.062127589963495,-7.530900107587734,1.468772517624239,0.002036576921510269,-0.02735661151985691,478.56
2025-12-10,484.03,484.25,475.08,478.56,35756229,MSFT,488.60650000000004,511.6345414060759,465.57845859392415,0.28186377593212736,46.05608281215177,40.455617105005885,-6.337574086439076,-7.292234903358003,0.9546608169189268,-0.02735661151985691,0.010259946506185225,483.47
2025-12-11,476.63,486.03,475.86,483.47,24669180,MSFT,487.22299999999996,507.8714721952967,466.5745278047032,0.4091216055962053,41.29694439059347,44.08432807875323,-6.089475767877843,-7.0516830762619716,0.9622073083841283,0.010259946506185225,-0.010217800484001227,478.53
2025-12-12,479.82,482.45,476.34,478.53,21248102,MSFT,485.985,505.5735880042422,466.39641199575783,0.30971063359989104,39.177176008484366,41.3537380970033,-6.219775082191688,-6.885301477447915,0.6655263952562267,-0.010217800484001227,-0.007752909953398945,474.82
2025-12-15,480.1,480.7205,472.52,474.82,23727694,MSFT,484.217,500.9221286735522,467.51187132644776,0.2187390715859183,33.41025734710445,39.38090821029649,-6.546935227797235,-6.81762822751778,0.27069299972054495,-0.007752909953398945,0.003306516153489758,476.39
2025-12-16,471.905,477.89,470.88,476.39,20705560,MSFT,482.662,495.8269194452504,469.4970805547496,0.2617911744130427,26.32983889050081,40.67080146974169,-6.603406165490469,-6.774783815112318,0.17137764962184932,0.003306516153489758,-0.000566762526501341,476.12
2025-12-17,476.905,480.0,475.0,476.12,24527176,MSFT,481.7785,494.1876051651572,469.3693948348428,0.27200209343506193,24.8182103303144,40.51115190632122,-6.593935747267324,-6.73861420154332,0.14467845427599624,-0.000566762526501341,0.01650844324960099,483.98
2025-12-18,478.19,489.6,477.89,483.98,28573545,MSFT,481.6215,493.83421022336694,469.4087897766331,0.5965592385663671,24.425420446733824,47.02983402631039,-5.884362790001148,-6.567763919234886,0.6834011292337374,0.01650844324960099,0.004008430100417293,485.92
2025-12-19,487.36,487.85,482.49,485.92,70836105,MSFT,481.996,494.2535517947073,469.7384482052927,0.6600645898022794,24.515103589414593,48.52900335604506,-5.106613461202869,-6.275533827628482,1.1689203664256134,0.004008430100417293,-0.002057951926243029,484.92
2025-12-22,486.12,488.73,482.69,484.92,16963019,MSFT,482.63599999999997,494.07330982355256,471.19869017644737,0.5998486547639315,22.87461964710519,47.778360166921445,-4.518842751048055,-5.924195612312397,1.4053528612643422,-0.002057951926243029,0.00398003794440327,486.85
2025-12-23,484.98,487.83,484.74,486.85,14683582,MSFT,483.2785,494.13189997419863,472.4251000258014,0.6645336949016164,21.706799948397247,49.40496503936351,-3.85288173595751,-5.50993283704142,1.6570511010839102,0.00398003794440327,0.0024032042723629576,488.02
2025-12-24,485.68,489.1625,484.83,488.02,5855880,MSFT,483.83000000000004,494.4679979319389,473.1920020680612,0.6969355524792945,21.27599586387771,50.41331179079088,-3.193876590391312,-5.0467215877113984,1.8528449973200862,0.0024032042723629576,-0.0006352198680381616,487.71
2025-12-26,486.705,488.12,485.96,487.71,8842175,MSFT,483.9405,494.69090738762657,473.1900926123734,0.6753189374171338,21.50081477525316,50.12824604940455,-2.6658939083620794,-4.570556051841535,1.904662143479456,-0.0006352198680381616,-0.0012507432695658682,487.1
2025-12-29,484.855,488.35,484.18,487.1,10893408,MSFT,483.695,493.9078987070241,473.48210129297587,0.666700958154915,20.425797414048247,49.53468954376482,-2.270512674198244,-4.110547376312877,1.8400347021146333,-0.0012507432695658682,0.0007801272839251805,487.48
2025-12-30,485.93,489.68,485.5,487.48,13944512,MSFT,483.73199999999997,493.9940009744657,473.46999902553426,0.6826154572254456,20.524001948931414,49.9324070593256,-1.9045528733668675,-3.6693484757236754,1.7647956023568079,0.0007801272839251805,-0.007918273570197809,483.62
2025-12-31,487.84,488.14,483.3,483.62,15601554,MSFT,483.413,493.2642214471067,473.5617785528933,0.5105063113803411,19.70244289421339,45.96928113132204,-1.9040481533608613,-3.316288411251113,1.4122402578902515,-0.007918273570197809,-0.022083453951449505,472.94
2026-01-02,484.385,484.66,470.16,472.94,25571567,MSFT,483.1735,493.7704132769847,472.5765867230153,0.01714712895565579,21.193826553969416,37.17705277565055,-2.73391997497032,-3.1998147239949546,0.4658947490246348,-0.022083453951449505,-0.0001902989808432176,472.85
2026-01-05,474.055,476.07,469.5,472.85,25250260,MSFT,482.774,494.25799129222645,471.29000870777355,0.06792025753635123,22.967982584452898,37.11263451833559,-3.360128154579172,-3.231877410111798,-0.12825074446737394,-0.0001902989808432176,0.011969969334884034,478.51
2026-01-06,473.8,478.7367,469.75,478.51,23037665,MSFT,482.5415,494.1721651142543,470.91083488574566,0.3266866099059519,23.261330228508655,43.71752752226015,-3.3609450684655258,-3.257690941782544,-0.10325412668298162,0.011969969334884034,0.010365509602725309,483.47
2026-01-07,479.755,489.7,477.95,483.47,25564196,MSFT,482.16400000000004,493.1411478991555,471.1868521008446,0.5594872189023008,21.95429579831091,48.793054971512205,-2.927614216741574,-3.1916755967743504,0.26406138003277624,0.010365509602725309,-0.011086520363207675,478.11
2026-01-08,481.24,482.66,475.86,478.11,18162616,MSFT,481.46849999999995,491.58886219707233,471.34813780292757,0.3340721441288197,20.240724394144763,44.158673021163686,-2.982325210784154,-3.149805519576311,0.16748030879215703,-0.011086520363207675,0.0024471355964108543,479.28
2026-01-09,474.06,479.82,472.2001,479.28,18491036,MSFT,481.5045,491.5882780122299,471.4207219877701,0.38969907918926355,20.167556024459827,45.37823890630025,-2.897870004284357,-3.0994184165179206,0.20154841223356357,0.0024471355964108543,-0.004381572358537755,477.18
2026-01-12,476.67,480.99,475.6803,477.18,23519895,MSFT,481.19000000000005,491.4005122300466,470.9794877699535,0.3036337497251222,20.421024460093122,43.54018630153912,-2.9661986031317156,-3.0727744538406796,0.10657585070896403,-0.004381572358537755,-0.013642650572111115,470.67
2026-01-13,474.675,475.7799,465.95,470.67,28545800,MSFT,480.797,491.94848976594295,469.6455102340571,0.045935107660312245,22.302979531885853,38.353797745215985,-3.505245811879604,-3.159268725448465,-0.3459770864311391,-0.013642650572111115,-0.02398708224446011,459.38
2026-01-14,466.46,468.2,457.17,459.38,28184302,MSFT,480.025,494.3973505384446,465.65264946155537,-0.21821933179185485,28.744701076889214,31.37400712415068,-4.788257205492528,-3.4850664214572777,-1.30319078403525,-0.02398708224446011,-0.0059210239888545235,456.66
2026-01-15,464.12,464.25,455.9,456.66,23225839,MSFT,479.0385,496.6229741462441,461.4540258537559,-0.13631416594791573,35.16894829248815,29.9594281885326,-5.955878585610947,-3.979228854288012,-1.9766497313229348,-0.0059210239888545235,0.007007401567906024,459.86
2026-01-16,457.83,463.19,456.48,459.86,34246650,MSFT,478.2255,497.6787593413013,458.7722406586987,0.027958279952395446,38.90651868260261,33.744258987561665,-6.547537745696786,-4.492890632569767,-2.054647113127019,0.007007401567906024,-0.011612229809072394,454.52
2026-01-20,451.215,456.8,449.28,454.52,25973898,MSFT,476.75250000000005,498.55886776264964,454.94613223735047,-0.00977082111951664,43.61273552529917,30.757352048557664,-7.362455460912827,-5.06680359823838,-2.295651862674447,-0.011612229809072394,-0.02290328258382468,444.11
2026-01-21,452.595,452.69,438.68,444.11,37980510,MSFT,474.662,500.24196997652496,449.082030023475,-0.09718600193897554,51.15993995304996,25.937403050813415,-8.747448480402113,-5.802932574671127,-2.944515905730986,-0.02290328258382468,0.015829411632253265,451.14
2026-01-22,447.62,452.84,444.7,451.14,25349378,MSFT,472.97300000000007,500.03839421475175,445.9076057852484,0.0966620728527896,54.130788429503355,33.51460764771299,-9.172073228088664,-6.476760705354634,-2.6953125227340298,0.015829411632253265,0.0328279469787649,465.95
2026-01-23,451.87,471.1,450.53,465.95,38000159,MSFT,471.928,498.37639775865284,445.47960224134715,0.38698748305000347,52.89679551730569,46.03941709464561,-8.218806882508773,-6.825169940785462,-1.3936369417233108,0.0328279469787649,0.009292842579675886,470.28
2026-01-26,465.305,474.25,462.0,470.28,29291235,MSFT,471.041,496.44027865117255,445.64172134882745,0.4850192595929315,50.7985573023451,49.06085756290371,-7.032871063236598,-6.8667101652756894,-0.16616089796090883,0.009292842579675886,0.02190184570893927,480.58
2026-01-27,473.7,482.87,473.16,480.58,29088664,MSFT,470.6845,495.3267884286324,446.0422115713676,0.7007828945890872,49.284576857264824,55.45098509918415,-5.201919967644585,-6.533752125749469,1.3318321581048842,0.02190184570893927,0.002184859960880692,481.63
2026-01-28,483.21,483.74,478.0,481.63,36875403,MSFT,470.41099999999994,494.4320373631096,446.3899626368903,0.7335244692060978,48.04207472621931,56.05617615311164,-3.6243723005267157,-5.951876160704919,2.3275038601782034,0.002184859960880692,-0.09993148267342145,433.5
2026-01-29,439.99,442.5,421.02,433.5,128855323,MSFT,467.712,495.31790632455136,440.1060936754486,-0.11965000528842402,55.21181264910274,33.55445216925784,-6.186528717451154,-5.998806672054167,-0.18772204539698656,-0.09993148267342145,-0.007404844290657353,430.29
2026-01-30,439.17,439.6,426.45,430.29,58566819,MSFT,465.0455,496.0795699715635,434.0114300284365,-0.05995717016566682,62.068139943126994,32.614139889586696,-8.37948284789104,-6.474941907221543,-1.9045409406694978,-0.007404844290657353,-0.016082177136349962,423.37
2026-02-02,430.235,430.736,422.25,423.37,42219858,MSFT,462.567,498.2523819371447,426.8816180628553,-0.04920247272455375,71.37076387428942,30.62190774051109,-10.554139413359508,-7.290781408449137,-3.263358004910371,-0.016082177136349962,-0.028721921723315336,411.21
2026-02-03,422.01,422.05,408.56,411.21,60076532,MSFT,459.485,501.22001958787,417.74998041213,-0.0783512320913207,83.47003917574,27.448900053877637,-13.107683566779315,-8.454161840115173,-4.653521726664142,-0.028721921723315336,0.007246905474088683,414.19
2026-02-04,411.0,419.8,409.24,414.19,45012374,MSFT,456.26900000000006,501.41740546464393,411.1205945353562,0.03399240164802151,90.29681092928774,29.380126449301258,-14.721227463996854,-9.70757496489151,-5.013652499105344,0.007246905474088683,-0.04954248050411647,393.67
2026-02-05,407.44,408.3,392.32,393.67,66289247,MSFT,451.779,502.7052819769898,400.8527180230102,-0.07052073844950604,101.8525639539796,24.536714835910004,-17.45455983402195,-11.256971938717598,-6.197587895304352,-0.04954248050411647,0.018975283867198378,401.14
2026-02-06,399.165,401.79,392.92,401.14,53515311,MSFT,447.93050000000005,501.860452150914,394.0005478490861,0.06619190140328068,107.8599043018279,29.117745207344257,-18.80124975544885,-12.76582750206385,-6.035422253385001,0.018975283867198378,0.03106147479682919,413.6
2026-02-09,404.85,414.89,400.87,413.6,45480526,MSFT,444.6465,498.5395378713231,390.7534621286769,0.21196186718841406,107.78607574264618,36.08718012289209,-18.648129326305252,-13.942287866912132,-4.70584145939312,0.03106147479682919,-0.0007978723404256094,413.27
2026-02-10,419.62,423.68,412.7,413.27,44857850,MSFT,441.4509999999999,494.8253934485428,388.076606551457,0.23600636766796587,106.74878689708578,35.9862601005193,-18.341973670123764,-14.82222502755446,-3.5197486425693043,-0.0007978723404256094,-0.021535557867737753,404.37
2026-02-11,416.175,416.46,401.01,404.37,42491012,MSFT,438.13599999999997,492.0722502960657,384.19974970393423,0.1869823188055126,107.87250059213147,33.28288617469261,-18.603054296532832,-15.578390881350135,-3.0246634151826974,-0.021535557867737753,-0.006256646140910593,401.84
2026-02-12,405.0,406.2,398.01,401.84,40802362,MSFT,435.259,490.478824302508,380.03917569749206,0.19740034107205387,110.43964860501592,32.53466340232356,-18.797427387918447,-16.222198182663796,-2.575229205254651,-0.006256646140910593,-0.0012940473820425291,401.32
2026-02-13,404.45,405.54,398.05,401.32,34091553,MSFT,432.492,488.68251898674583,376.3014810132542,0.22262224515711576,112.38103797349163,32.373573584621084,-18.776979782731473,-16.73315450267733,-2.0438252800541434,-0.0012940473820425291,-0.011113326024120407,396.86
2026-02-17,399.22,400.52,394.525,396.86,32078794,MSFT,429.342,486.1029973837655,372.58100261623446,0.21387042602170434,113.52199476753106,30.957755559024932,-18.9027603794342,-17.167075678028702,-1.7356847014054964,-0.011113326024120407,0.0069041979539383735,399.6
2026-02-18,398.13,402.56,396.32,399.6,23223417,MSFT,426.596,483.53262912396406,369.65937087603595,0.26292941454943247,113.8732582479281,32.89928652124375,-18.567314859706357,-17.447123514364232,-1.1201913453421248,0.0069041979539383735,-0.0028528528528529717,398.46
2026-02-19,400.69,404.43,396.67,398.46,28234001,MSFT,424.31350000000003,481.9148834122049,366.71211658779515,0.2755826469046047,115.20276682440976,32.48991561445723,-18.18384825752969,-17.594468462997327,-0.5893797945323627,-0.0028528528528529717,-0.003086884505345444,397.23
2026-02-20,396.11,400.1159,395.16,397.23,34015249,MSFT,421.61800000000005,478.9907066121151,364.245293387885,0.28745991395453735,114.7454132242301,32.026863525305856,-17.774307777106117,-17.630436325819087,-0.14387145128702983,-0.003086884505345444,-0.03212244795206809,384.47
2026-02-23,395.0,395.36,383.1,384.47,43238273,MSFT,417.54400000000004,473.29493807282375,361.7930619271763,0.20337718840894065,111.50187614564743,27.627821138356182,-18.268778252248808,-17.758104711105034,-0.510673541143774,-0.03212244795206809,0.01178245376752396,389.0
2026-02-24,384.14,389.36,381.71,389.0,33884653,MSFT,413.48,464.94685885110744,362.0131411488926,0.262177053870529,102.93371770221484,31.238756153856812,-18.086625168645526,-17.823808802613133,-0.2628163660323928,0.01178245376752396,0.029820051413881776,400.6
2026-02-25,390.525,401.47,390.16,400.6,43625483,MSFT,409.481,450.9245331022804,368.0374668977196,0.39285421228346845,82.88706620456082,39.555431980485785,-16.81244112686352,-17.621535267463212,0.8090941405996936,0.029820051413881776,0.0027958062905641956,401.72
2026-02-26,404.71,407.49,398.74,401.72,34405869,MSFT,405.4855,430.47872586221723,380.4922741377828,0.424669588056411,49.98645172443446,40.3061560018618,-15.533209286414774,-17.203870071253526,1.670660784838752,0.0027958062905641956,-0.02235387832321023,392.74
2026-02-27,390.88,396.82,389.88,392.74,51367196,MSFT,403.4475,425.437831398135,381.45716860186496,0.25654073133004096,43.98066279627005,36.402291343287786,-15.070298764280665,-16.777155809858954,1.706857045578289,-0.02235387832321023,0.01479350206243324,398.55
2026-03-02,392.855,401.19,390.63,398.55,35474907,MSFT,401.8605,420.14146110711357,383.57953889288643,0.4094549794017177,36.56192221422714,40.4228601639566,-14.07240250033766,-16.236205147954696,2.163802647617036,0.01479350206243324,0.01349893363442467,403.93
2026-03-03,393.14,406.7,392.67,403.93,38199209,MSFT,400.88849999999996,416.33968930696915,385.4373106930308,0.5984228443382086,30.902378613938367,43.956039459519744,-12.701031894680455,-15.529170497299848,2.8281386026193935,0.01349893363442467,0.003144109127819039,405.2
2026-03-04,401.265,411.0326,400.31,405.2,35807990,MSFT,400.588,415.4469765461757,385.72902345382437,0.6551923844037221,29.71795309235131,44.78842077892891,-11.380544589454075,-14.699445315730694,3.3189007262766186,0.003144109127819039,0.013524185587364235,410.68
2026-03-05,404.42,411.61,404.4,410.68,39001315,MSFT,400.4125,414.696504865576,386.12849513442404,0.8594055062507137,28.56800973115196,48.352937472843315,-9.779130950436752,-13.715382442671906,3.9362514922351544,0.013524185587364235,-0.004188175708580988,408.96
2026-03-06,409.2,413.05,408.5101,408.96,31123859,MSFT,401.177,415.57195203186865,386.7820479681314,0.7703378233831335,28.789904063737254,47.320293801577336,-8.550227034392606,-12.682351361016046,4.13212432662344,-0.004188175708580988,0.0011003521126762283,409.41
2026-03-09,404.915,410.21,403.5,409.41,30131854,MSFT,401.59049999999996,416.42582604966265,386.7551739503373,0.7635432471731168,29.670652099325366,47.635383570535055,-7.454074655333557,-11.63669601987955,4.182621364545993,0.0011003521126762283,-0.008915268312938207,405.76
2026-03-10,410.03,410.2,402.93,405.76,31706375,MSFT,401.1985,415.1306057633008,387.2663942366992,0.6637046142735876,27.864211526601594,45.27018162002051,-6.801487182790652,-10.66965425246177,3.8681670696711183,-0.008915268312938207,-0.00216876971608837,404.88
2026-03-11,405.57,409.01,401.59,404.88,25512139,MSFT,400.779,413.7005369054845,387.8574630945155,0.6586885534591221,25.84307381096903,44.693996231283705,-6.28289030620823,-9.792301463211063,3.509411157002832,-0.00216876971608837,-0.007459000197589383,401.86
2026-03-12,404.63,406.12,401.71,401.86,27263886,MSFT,400.6535,413.48150728873344,387.8254927112666,0.5470260100748324,25.656014577466863,42.686081581426045,-6.045894003401827,-9.043019971249215,2.9971259678473885,-0.007459000197589383,-0.0157019857661872,395.55
2026-03-13,401.0,404.8,394.25,395.55,26848000,MSFT,400.339,413.3424501575466,387.3355498424534,0.31585656337442564,26.006900315093162,38.76715530049598,-6.294675885779782,-8.493351154155329,2.1986752683755473,-0.0157019857661872,0.011123751738086218,399.95
2026-03-16,398.07,400.63,394.79,399.95,27733721,MSFT,400.27049999999997,413.2669894875423,387.27401051245766,0.4876697472687838,25.99297897508461,42.716443080686226,-6.066859116864691,-8.008052746697203,1.9411936298325116,0.011123751738086218,-0.0013501687710962829,399.41
2026-03-17,400.27,404.4,397.745,399.41,26228279,MSFT,400.398,413.30789945738536,387.4881005426147,0.4617347910701661,25.819798914770672,42.35539186114863,-5.862309122793192,-7.578904021916401,1.7165948991232085,-0.0013501687710962829,-0.019078140256878928,391.79
2026-03-18,397.125,398.0,391.0,391.79,25908484,MSFT,400.00750000000005,413.4517446794083,386.5632553205918,0.19438595488423827,26.888489358816514,37.53427498567481,-6.243105462221024,-7.3117443099773265,1.0686388477563025,-0.019078140256878928,-0.00707011409173286,389.02
2026-03-19,390.1,392.49,387.06,389.02,25138772,MSFT,399.5355,413.8016367931125,385.26936320688753,0.13145243339189103,28.53227358622496,35.933084730070675,-6.6912723325736465,-7.187649914496591,0.49637758192294434,-0.00707011409173286,-0.018379517762582842,381.87
2026-03-20,386.79,387.0,380.12,381.87,50853154,MSFT,398.7675,414.96979227608847,382.5652077239115,-0.021453992807471112,32.40458455217697,32.12372675558139,-7.536516777065572,-7.257423287010387,-0.27909349005518447,-0.018379517762582842,0.0029591222143661167,383.0
2026-03-23,383.9,387.21,381.68,383.0,29680059,MSFT,398.694,415.16615152916575,382.2218484708343,0.023620215239882596,32.94430305833146,33.32672816863057,-8.022716649222389,-7.410481959452787,-0.6122346897696014,0.0029591222143661167,-0.026788511749347266,372.74
2026-03-24,382.36,382.47,371.85,372.74,42733625,MSFT,397.88100000000003,417.492608705045,378.2693912949551,-0.14097240512280565,39.22321741008989,28.404237668088243,-9.130677043086223,-7.754520976179475,-1.3761560669067476,-0.026788511749347266,-0.004560819874443234,371.04
2026-03-25,376.92,377.06,369.63,371.04,31181163,MSFT,396.403,419.1732991635989,373.6327008364011,-0.05693163751984956,45.54059832719781,27.67484130955812,-10.030296416705028,-8.209676064284587,-1.8206203524204412,-0.004560819874443234,-0.013664294954721878,365.97
2026-03-26,370.815,374.7199,365.19,365.97,36836574,MSFT,394.6155,420.79345444643815,368.43754555356185,-0.047130220938587535,52.3559088928763,25.566255412249518,-11.025265482455382,-8.772793947918746,-2.2524715345366353,-0.013664294954721878,-0.025138672568789877,356.77
2026-03-27,361.9,362.45,356.51,356.77,37883400,MSFT,392.817,423.770186653393,361.863813346607,-0.0822825352950962,61.90637330678601,22.252971037861656,-12.413058733599314,-9.50084690505486,-2.9122118285444536,-0.025138672568789877,0.006138408498472359,358.96
2026-03-30,361.895,365.36,356.28,358.96,44797002,MSFT,390.8375,424.97123573167437,356.7037642683256,0.03304993847451512,68.26747146334878,24.752870244190518,-13.184200924853371,-10.237517709014563,-2.9466832158388083,0.006138408498472359,0.03122910630710951,370.17
2026-03-31,364.55,372.9,363.07,370.17,45244365,MSFT,389.14950000000005,423.86060685356756,354.43839314643253,0.226607680935283,69.42221370713503,36.08225492685279,-12.74387983908548,-10.738790135028747,-2.005089704056733,0.03122910630710951,-0.0021611691925331744,369.37
2026-04-01,373.49,373.99,368.2,369.37,29417206,MSFT,387.358,422.2685294144872,352.4474705855128,0.24236999120764802,69.8210588289744,35.66950920920512,-12.317487195374667,-11.054529547097932,-1.2629576482767355,-0.0021611691925331744,0.011072907924303488,373.46
2026-04-02,367.205,373.64,364.15,373.46,24099067,MSFT,385.497,419.1828950304096,351.8111049695904,0.32133471607131475,67.3717900608192,39.481031195194944,-11.516780854058425,-11.146979808490032,-0.36980104556839244,0.011072907924303488,-0.0015530445027579498,372.88
2026-04-06,373.49,373.73,369.5014,372.88,16146572,MSFT,383.69300000000004,415.9955869552235,351.3904130447766,0.3326295040241112,64.60517391044687,39.12699519104656,-10.804469266371257,-11.078477700066276,0.2740084336950197,-0.0015530445027579498,-0.0015822784810125556,372.29
2026-04-07,370.34,372.45,366.56,372.29,21443349,MSFT,381.83700000000005,412.22467914796664,351.44932085203345,0.3429133078325452,60.77535829593319,38.74636901244235,-10.17032805930728,-10.896847771914477,0.726519712607196,-0.0015822784810125556,0.005479599237153687,374.33
2026-04-08,384.98,385.0,371.41,374.33,33064818,MSFT,380.26550000000003,408.7319999429112,351.79900005708885,0.39574587652321963,56.93299988582237,40.88760033062669,-9.394857563068456,-10.596449730145274,1.201592167076818,0.005479599237153687,-0.0033660139449148696,373.07
2026-04-09,372.5,373.5,367.05,373.07,30435297,MSFT,378.675,404.9314883409751,352.41851165902494,0.39326447757956595,52.512976681950136,39.95849294937896,-8.780744125125636,-10.233308609141346,1.45256448401571,-0.0033660139449148696,-0.0058970166456696615,370.87
2026-04-10,372.98,375.64,370.03,370.87,28111128,MSFT,377.1255,401.30139996256094,352.94960003743904,0.3706252919294149,48.351799925121895,38.321113893332345,-8.375034233573501,-9.861653734027778,1.4866195004542764,-0.0058970166456696615,0.03640089519238554,384.37
2026-04-13,373.605,384.54,371.02,384.37,35745781,MSFT,376.5665,399.49744701489135,353.6355529851087,0.6701521527857616,45.86189402978266,51.46421764440045,-6.884805295934996,-9.266284046409222,2.3814787504742263,0.03640089519238554,0.022738507167572974,393.11
2026-04-14,387.915,394.69,386.52,393.11,37504486,MSFT,376.22450000000003,397.9210513158141,354.52794868418596,0.8891286627587804,43.39310263162815,57.74233283584348,-4.941579714640568,-8.401343180055491,3.459763465414923,0.022738507167572974,0.04606853043677339,411.22
2026-04-15,398.0,414.3699,396.73,411.22,45063389,MSFT,376.81499999999994,401.4476835728418,352.18231642715807,1.1983607753954268,49.26536714568374,67.20758769720915,-1.9181228664510286,-7.104699117334599,5.18657625088357,0.04606853043677339,0.021983366567773777,420.26
2026-04-16,419.86,420.82,412.14,420.26,41642361,MSFT,378.2385,408.75582575111645,347.72117424888353,1.1884859496324423,61.03465150223292,70.73176674725217,1.1936809076740929,-5.445023112332861,6.638704020006954,0.021983366567773777,0.0060200828058820655,422.79
2026-04-17,424.82,431.58,420.69,422.79,48568190,MSFT,379.927,415.89395878163407,343.960041218366,1.0958663374937236,71.9339175632681,71.65004386968279,3.8199239682260213,-3.592033696221085,7.411957664447106,0.0060200828058820655,-0.01116393481397393,418.07
2026-04-20,421.145,423.33,416.3,418.07,27582237,MSFT,381.737,421.3695669620297,342.10443303797035,0.9583730349185952,79.26513392405934,67.40138153704254,5.457465694091695,-1.7821338181585291,7.239599512250225,-0.01116393481397393,0.014566938550960362,424.16
2026-04-21,420.24,427.18,417.2,424.16,32048495,MSFT,383.795,427.53768007335367,340.05231992664636,0.9613914823269917,87.48536014670731,69.88285446066095,7.164058605307389,0.00710466653465458,7.156953938772734,0.014566938550960362,0.020652583930592217,432.92
2026-04-22,426.185,433.7,423.67,432.92,29378173,MSFT,386.804,435.13014464241667,338.4778553575833,0.9771330336945939,96.65228928483339,73.05962259775,9.118294548791937,1.8293426429861113,7.288951905805826,0.020652583930592217,-0.0396609073269889,415.75
2026-04-23,419.885,423.66,411.4101,415.75,38307959,MSFT,389.0395,438.3679893241196,339.71101067588035,0.7707411109277542,98.65697864823926,59.7551434762522,9.175792287433183,3.298632571875526,5.8771597155576565,-0.0396609073269889,0.021334936861094445,424.62
2026-04-24,416.97,424.95,415.8,424.62,27457404,MSFT,391.97200000000004,442.42649101913327,341.5175089808668,0.8235390878050803,100.90898203826646,63.45733340821345,9.823851287366551,4.603676314973731,5.220174972392821,0.021334936861094445,0.0004710093730864173,424.82
2026-04-27,422.375,427.11,417.0701,424.82,30867303,MSFT,395.3745,445.04652128965364,345.7024787103464,0.7963992528942374,99.34404257930726,63.53877956060612,10.235591514808789,5.730059354940742,4.5055321598680464,0.0004710093730864173,0.01042794595358032,429.25
2026-04-28,424.57,429.92,421.9,429.25,30438087,MSFT,398.889,447.6968845679652,350.08111543203484,0.8110255675773264,97.61576913593035,65.37939638156152,10.794925407935182,6.743032565539631,4.051892842395551,0.01042794595358032,-0.01115899825276645,424.46
2026-04-29,424.575,426.82,420.29,424.46,38288316,MSFT,401.6035,449.7548714342574,353.4521285657426,0.7373400727662212,96.30274286851477,61.74959572850797,10.728022613000803,7.5400305750318655,3.1879920379689377,-0.01115899825276645,-0.039296989115582215,407.78
2026-04-30,410.81,414.42,398.01,407.78,70909408,MSFT,403.524,449.389361832213,357.658638167787,0.5463966687493874,91.73072366442602,51.10862433812425,9.222750934770147,7.876574646979522,1.346176287790625,-0.039296989115582215,0.016332336063563657,414.44
2026-05-01,412.8,417.11,410.435,414.44,31372361,MSFT,405.573,449.50363628038895,361.642363719611,0.6009204595103751,87.86127256077793,54.481482889541766,8.469586503851303,7.995177018353879,0.4744094854974241,0.016332336063563657,-0.001978573496766667,413.62
2026-05-04,411.54,420.78,410.8,413.62,28066528,MSFT,407.61,448.992215020463,366.22778497953703,0.5726157359753232,82.76443004092596,53.98764482725291,7.717567801520545,7.939655174987212,-0.22208737346666751,-0.001978573496766667,-0.005415598858856008,411.38
2026-05-05,415.32,416.7799,408.8,411.38,25700891,MSFT,409.5645,447.6505806463442,371.4784193536558,0.5238341668293224,76.17216129268843,52.58541313124008,6.861740410218431,7.724072222033456,-0.8623318118150252,-0.005415598858856008,0.006271573727453905,413.96
2026-05-06,408.0,418.4228,405.11,413.96,30285898,MSFT,411.546,446.04838043961377,377.0436195603862,0.5349830934741587,69.00476087922755,54.06528064271626,6.318835868198619,7.443024951266489,-1.1241890830678702,0.006271573727453905,0.016450864817856736,420.77
2026-05-07,420.11,427.98,418.76,420.77,34942445,MSFT,413.93100000000004,443.74034880200924,384.12165119799084,0.6147123348018086,59.618697604018394,57.80852091710256,6.364721644471501,7.2273642899074915,-0.8626426454359901,0.016450864817856736,-0.013427763386172908,415.12
2026-05-08,417.385,418.63,414.0,415.12,33383790,MSFT,416.1435,438.46948152377297,393.81751847622706,0.47707827539608555,44.651963047545905,53.88512992062394,5.877427347882133,6.95737690150242,-1.0799495536202874,-0.013427763386172908,-0.005925997301984953,412.66
2026-05-11,407.87,412.69,405.5,412.66,35657943,MSFT,417.558,434.61561132163155,400.50038867836844,0.35642772872340617,34.11522264326311,52.223230228607235,5.2324255218035205,6.612386625562641,-1.3799611037591202,-0.005925997301984953,-0.011849949110648073,407.77
2026-05-12,414.48,415.5,406.64,407.77,38594221,MSFT,418.291,432.0180898591018,404.5639101408982,0.11677966313362373,27.45417971820359,48.98884665000615,4.27736795981258,6.145382892412629,-1.8680149326000492,-0.011849949110648073,-0.006278048900115296,405.21
2026-05-13,403.2,406.31,401.03,405.21,29667073,MSFT,417.99050000000005,432.56082940601743,403.4201705939827,0.06142034802858078,29.140658812034758,47.33599052688021,3.276142029935727,5.571534719917249,-2.2953926899815222,-0.006278048900115296,0.010414353051504177,409.43
2026-05-14,404.48,411.84,400.88,409.43,27077542,MSFT,417.44899999999996,432.44059484510746,402.45740515489246,0.23255013616456738,29.983189690215,50.31207895515961,2.791008984819257,5.015429572897651,-2.2244205880783943,0.010414353051504177,0.03050582517157996,421.92
2026-05-15,414.27,428.17,412.91,421.92,50771160,MSFT,417.4055,432.3397913792337,402.47120862076633,0.6511454372142982,29.86858275846737,57.89594282107978,3.375465898362563,4.687436837990634,-1.311970939628071,0.03050582517157996,0.0038395904436860917,423.54
2026-05-18,416.62,425.12,415.61,423.54,32564130,MSFT,417.679,432.8504190503015,402.5075809496984,0.6931592549308547,30.342838100603103,58.77484245982388,3.9241376579948906,4.534777001991486,-0.6106393439965956,0.0038395904436860917,-0.014449638759031047,417.42
2026-05-19,429.9,432.7,416.49,417.42,33018678,MSFT,417.342,432.21917795819667,402.4648220418033,0.502621464911531,29.754355916393365,54.17409792814507,3.8210840490687588,4.392038411406941,-0.5709543623381821,-0.014449638759031047,0.008720233817258283,421.06
2026-05-20,414.165,422.1,411.3001,421.06,27655979,MSFT,416.74899999999997,429.9457312619395,403.55226873806043,0.6633359016877656,26.393462523879066,56.362039569356085,3.987169295077365,4.311064588141026,-0.3238952930636607,0.008720233817258283,-0.004678668123307861,419.09
2026-05-21,424.75,426.34,415.71,419.09,31393469,MSFT,416.916,430.14243625470795,403.68956374529205,0.5821838913420894,26.452872509415897,54.836088165447805,3.9147042394421874,4.231792518401258,-0.317088278959071,-0.004678668123307861,-0.001240783602567408,418.57
2026-05-22,419.535,424.4,416.33,418.57,22390344,MSFT,416.61350000000004,429.39040928980296,403.83659071019713,0.5765638995950846,25.55381857960583,54.41728239900151,3.7718361275976804,4.139801240240542,-0.367965112642862,-0.001240783602567408,-0.006068280096519163,416.03
2026-05-26,416.43,419.77,413.02,416.03,30398049,MSFT,416.174,428.3836492988067,403.96435070119327,0.4941030247275784,24.41929859761342,52.31548198175071,3.414297451621451,3.9947004825167243,-0.5804030308952735,-0.006068280096519163,-0.008076340648510816,412.67
2026-05-27,411.01,415.94,409.58,412.67,28901479,MSFT,415.34499999999997,426.0494766336262,404.6405233663737,0.37505227525104284,21.408953267252514,49.587049943346805,2.827230996635876,3.7612065853405547,-0.9339755887046786,-0.008076340648510816,0.03470085055855776,426.99
2026-05-28,412.975,429.49,412.67,426.99,47250541,MSFT,415.4715,426.6530191722704,404.2899808277296,1.0150686513405678,22.36303834454077,59.32375814018679,3.477395671543036,3.7044444025810512,-0.22704873103801537,0.03470085055855776,0.05445092390922501,450.24
2026-05-29,432.545,450.33,432.36,450.24,79654376,MSFT,417.5945,435.9503094073744,399.2386905926256,1.3892416366800138,36.71161881474882,69.5924671949419,5.801856363603747,4.12392679478559,1.6779295688181568,0.05445092390922501,0.022832267235252335,460.52
2026-06-01,464.84,466.32,458.27,460.52,53628910,MSFT,419.89849999999996,446.01806375975406,393.77893624024586,1.277606784968419,52.2391275195082,72.85543477555197,8.376953984293948,4.974532232687262,3.4024217516066857,0.022832267235252335,-0.041713714930947554,441.31
2026-06-02,446.88,453.5,440.43,441.31,37036801,MSFT,421.283,448.82153307639794,393.7444669236021,0.8636177704970831,55.07706615279585,59.91653868491197,8.766595094700335,5.732944805089877,3.033650289610458,-0.041713714930947554,-0.03165575219233652,427.34
2026-06-03,438.45,440.39,424.25,427.34,39037007,MSFT,422.08099999999996,449.3490610971859,394.81293890281404,0.5964314987643684,54.53612219437184,52.60045748612101,7.8575492969309835,6.157865703458099,1.6996835934728844,-0.03165575219233652,0.0016614405391492948,428.05
2026-06-04,435.81,436.15,426.41,428.05,26899511,MSFT,422.78549999999996,449.9055578723546,395.6654421276453,0.5970591586636421,54.24011574470933,52.915130714158764,7.112427383613976,6.348778039489275,0.7636493441247012,0.0016614405391492948,-0.026585679243079086,416.67
2026-06-05,428.34,429.47,414.4,416.67,34782164,MSFT,422.58050000000003,449.8201192888202,395.34088071117986,0.3915091298205876,54.47923857764033,47.474888956875674,5.539782837469602,6.1869789990853405,-0.6471961616157387,-0.026585679243079086,-0.01183190534475731,411.74
2026-06-08,414.14,417.1599,408.56,411.74,32086714,MSFT,422.4115,449.87518676998525,394.94781323001473,0.3057161791609359,54.92737353997052,45.30196414539276,3.851246137926694,5.719832426853611,-1.8685862889269176,-0.01183190534475731,-0.020231213872832332,403.41
2026-06-09,409.03,411.98,398.48,403.41,35317302,MSFT,421.94899999999996,450.34955485373234,393.54844514626757,0.17361553153663925,56.801109707464775,41.819087752431585,1.8199282549466602,4.9398515924722215,-3.1199233375255613,-0.020231213872832332,-0.014997149302198753,397.36
2026-06-10,398.55,405.04,397.16,397.36,32576041,MSFT,421.4285,451.19799463796556,391.6590053620344,0.0957522911842619,59.53898927593116,39.44700352829469,-0.27492112066397567,3.8968970498449824,-4.171818170508958,-0.014997149302198753,-0.017666599557076834,390.34
2026-06-11,395.205,396.85,384.0,390.34,47224135,MSFT,420.68500000000006,452.6959771797092,388.67402282029093,0.026021966938970274,64.02195435941826,36.8360731127064,-2.4730518722601005,2.622907265423966,-5.0959591376840665,-0.017666599557076834,0.0010247476558897795,390.74
2026-06-12,391.43,391.74,382.27,390.74,34922036,MSFT,419.7505,454.031910399805,385.469089600195,0.07687709371250083,68.56282079961,37.091577074715666,-4.13514232582105,1.2712973471749627,-5.406439672996013,0.0010247476558897795,0.023084403951476595,399.76
2026-06-15,396.795,401.75,392.845,399.76,32266437,MSFT,418.64250000000004,453.9877559051404,383.2972440948597,0.23288494429525508,70.69051181028067,42.71853730431771,-4.670681657518969,0.0829015462361764,-4.753583203755145,0.023084403951476595,-0.014833900340204154,393.83
2026-06-16,395.79,396.84,390.69,393.83,31506846,MSFT,417.157,454.0188394006573,380.29516059934264,0.18358876850317982,73.72367880131469,40.174362865774334,-5.51008504665532,-1.0356957723421227,-4.4743892743131966,-0.014833900340204154,-0.03788436635096348,378.91
2026-06-17,390.25,390.37,377.32,378.91,41987834,MSFT,415.2315,455.68539685802654,374.77760314197343,0.05107538678571922,80.9077937160531,34.592144617964706,-7.2951437128259045,-2.287585360438879,-5.007558352387026,-0.03788436635096348,0.0012931830777755948,379.4
2026-06-18,377.82,381.37,373.28,379.4,59714157,MSFT,413.14849999999996,456.3821351814168,369.9148648185831,0.10969624855295386,86.46727036283369,34.912012473034025,-8.571470089878972,-3.5443623063268976,-5.027107783552074,0.0012931830777755948,-0.031787032156035844,367.34
2026-06-22,375.74,381.63,367.07,367.34,45171106,MSFT,410.561,458.04773536894106,363.0742646310589,0.044915020329351844,94.97347073788217,30.90594199995877,-10.435811609337861,-4.92265216692909,-5.513159442408771,-0.031787032156035844,0.017967006043447586,373.94
2026-06-23,372.38,377.22,370.67,373.94,40647605,MSFT,408.3295,458.23403264984887,358.4249673501511,0.1554471290083894,99.80906529969775,35.282632678148275,-11.25105568743993,-6.188332871031259,-5.062722816408671,0.017967006043447586,-0.022677434882601544,365.46
2026-06-24,371.57,378.88,364.78,365.46,44509854,MSFT,405.801,458.910211969298,352.69178803070196,0.12020713070153642,106.21842393859606,32.4393869695259,-12.438029757890945,-7.438272248403196,-4.999757509487749,-0.022677434882601544,-0.03455918568379579,352.83
2026-06-25,362.77,364.23,349.2,352.83,66360473,MSFT,402.809,460.5716945008612,345.04630549913884,0.06737648380257864,115.52538900172237,28.726374493147233,-14.23377263635956,-8.79737232599447,-5.436400310365091,-0.03455918568379579,0.05708131394722682,372.97
2026-06-26,357.15,376.61,355.43,372.97,186201631,MSFT,400.108,458.1465759990699,342.0694240009301,0.2662072205179976,116.07715199813981,40.43454486975565,-13.871875773206966,-9.81227301543697,-4.059602757769996,0.05708131394722682,-0.011797195484891665,368.57
2026-06-29,377.5,380.5,359.9,368.57,51229885,MSFT,396.0245,450.77906162731836,341.2699383726816,0.24929486070159418,109.50912325463673,38.92994217568628,-13.781251441412621,-10.6060687006321,-3.175182740780521,-0.011797195484891665,0.012073690208101562,373.02
2026-06-30,371.03,374.15,367.45,373.02,44945696,MSFT,391.6495,438.50467067517513,344.79432932482484,0.30120123636781126,93.71034135035029,41.30861995388001,-13.198212418594778,-11.124497444224637,-2.073714974370141,0.012073690208101562,0.030186049005415327,384.28
2026-07-01,380.825,388.83,374.89,384.28,48065801,MSFT,388.798,429.7920442503516,347.8039557496484,0.44489443426942094,81.98808850070316,46.94026675387643,-11.692774866032607,-11.238152928586231,-0.454621937446376,0.030186049005415327,0.016160091599875193,390.49
2026-07-02,384.48,392.2,383.7,390.49,42194409,MSFT,386.9555,423.9745202328449,349.93647976715505,0.547738972800583,74.03804046568985,49.80110397235581,-9.884665389056181,-10.96745542068022,1.0827900316240395,0.016160091599875193,-0.009603318907014269,386.74
2026-07-06,387.04,389.15,381.22,386.74,34224543,MSFT,384.89,416.7584860010603,353.02151399893967,0.5290255395241944,63.73697200212064,48.11406736046836,-8.654554939698016,-10.50487532448378,1.850320384785764,-0.009603318907014269,0.005430004654289666,388.84
2026-07-07,392.49,395.57,388.22,388.84,29297524,MSFT,383.4985,411.9411111846253,355.05588881537466,0.5938996065678975,56.88522236925064,49.152850423267154,-7.4246444173837745,-9.888829143063779,2.4641847256800045,0.005430004654289666,-0.014144635325583743,383.34
2026-07-08,384.03,385.31,381.33,383.34,25908255,MSFT,382.07849999999996,407.40447660505447,356.75252339494546,0.5249052587324163,50.65195321010901,46.52563537333889,-6.815174413663158,-9.274098197183655,2.458923783520497,-0.014144635325583743,0.0026608232900298123,384.36
2026-07-09,374.45,384.65,373.35,384.36,31083197,MSFT,381.126,404.53135272111416,357.7206472788858,0.5690867605913629,46.81070544222837,47.09044641479562,-6.178636098341713,-8.655005777415267,2.4763696790735548,0.0026608232900298123,0.001925278384847573,385.1
2026-07-10,387.8,391.91,381.5,385.1,24644605,MSFT,380.51300000000003,402.80105608391557,358.2249439160845,0.6029026484573111,44.57611216783107,47.52349703244927,-5.550480596613056,-8.034100741254825,2.483620144641769,0.001925278384847573,0.01529472864191117,390.99
2026-07-13,387.745,393.65,384.15,390.99,28914877,MSFT,380.5455,402.89259688079784,358.19840311920217,0.7336880726770071,44.69419376159567,50.96374774906998,-4.525225082761665,-7.332325609556194,2.807100526794529,0.01529472864191117,-0.015499117624491632,384.93
2026-07-14,382.82,388.19,378.65,384.93,27863916,MSFT,380.255,402.21210317869287,358.2978968213071,0.6064575768933085,43.91420635738575,47.51250765317358,-4.153811502590202,-6.696622788162996,2.5428112855727942,-0.015499117624491632,0.027797261839815013,395.63
2026-07-15,387.8,398.96,386.4,395.63,36253745,MSFT,380.0485,401.33541924632976,358.7615807536702,0.8659876711066709,42.57383849265955,53.50021538939382,-2.961919820090145,-5.9496821945484255,2.9877623744582804,0.027797261839815013,0.013826049591790346,401.1
2026-07-16,398.31,405.99,392.0501,401.1,37047443,MSFT,380.412,402.84526957890364,357.9787304210963,0.9611008646607431,44.866539157807324,56.24804896607042,-1.5579942019480768,-5.071344596028356,3.5133503940802795,0.013826049591790346,-0.018150087260034975,393.82
2026-07-17,394.855,398.39,389.39,393.82,33049842,MSFT,381.1575,404.32066461539245,357.9943353846076,0.7733326859747278,46.326329230784836,51.855999426582294,-1.0210382993928988,-4.261283336701265,3.240245037308366,-0.018150087260034975,0.02150728759331688,402.29
2026-07-20,391.41,403.18,389.65,402.29,27915762,MSFT,382.302,407.2016269851532,357.40237301484683,0.9013714745991611,49.79925397030638,56.14643500839658,0.0869589268186246,-3.3916348839972867,3.4785938108159113,0.02150728759331688,-0.011285391135747891,397.75
2026-07-21,398.805,401.47,396.32,397.75,24126632,MSFT,383.8225,408.595460965532,359.04953903446795,0.7811028528115411,49.54592193106407,53.399469065588725,0.5918916946274067,-2.5949295682723483,3.186821262899755,-0.011285391135747891,-0.018629792583281013,390.34
2026-07-22,399.58,401.0,386.96,390.34,28142511,MSFT,384.64250000000004,409.1368421017952,360.1481578982049,0.6163023684474133,48.98868420359031,49.17096404556737,0.38963797488077034,-1.9980160596417247,2.387654034522495,-0.018629792583281013,-0.02244197366398526,381.58
2026-07-23,389.965,391.78,377.39,381.58,30351752,MSFT,385.4485,408.3756971902319,362.52130280976814,0.4156351304544061,45.85439438046376,44.66782554649657,-0.472066654264097,-1.6928261785661993,1.2207595243021023,-0.02244197366398526,0.0003144818910845171,381.7
2026-07-24,387.05,389.03,380.65,381.7,27659388,MSFT,386.892,404.4230736693387,369.3609263306613,0.3519200792282148,35.06214733867739,44.74248069927008,-1.1322390371637994,-1.5807087502857193,0.44846971312191997,0.0003144818910845171,0.019386953104532534,389.1
2026-07-27,390.08,394.2,387.99,389.1,27856160,MSFT,387.6985,404.03702536184903,371.359974638151,0.5428894275634124,32.67705072369802,49.28650600324931,-1.046251712801336,-1.4738173427888428,0.4275656299875068,0.019386953104532534,0.010922641994346005,393.35
2026-07-28,393.16,400.32,391.3,393.35,32367546,MSFT,388.9375,402.86642368418273,375.00857631581727,0.6583934301043922,27.85784736836547,51.74104084713471,-0.6279282910039115,-1.3046395324318567,0.6767112414279453,0.010922641994346005,-0.007143765094699384,390.54
2026-07-29,393.4,401.25,388.74,390.54,47209032,MSFT,389.8135,401.67881293307465,377.9481870669253,0.5306144475117431,23.730625866149353,50.017315297936136,-0.5171856865642894,-1.1471487632583435,0.629963076694054,-0.007143765094699384,0.15506734265376143,451.1
2026-07-30,437.9,458.69,432.44,451.1,110160704,MSFT,393.1545,422.15828628730736,364.1507137126926,1.4989299229073088,58.007572574614755,71.81230735837777,4.406469467188288,-0.03642511716901731,4.442894584357305,0.15506734265376143,0.03019286189315018,464.72
2026-07-31,450.0,466.84,449.33,464.72,60845971,MSFT,396.86600000000004,439.39861026553405,354.33338973446604,1.297670300228258,85.06522053106801,74.50489509453689,9.300313596570618,1.83092262557891,7.469390970991708,0.03019286189315018,0.0493415389912204,487.65
2026-08-03,476.125,491.65,475.0,487.65,66762074,MSFT,401.91150000000005,459.6612568046813,344.1617431953188,1.242327801396472,115.49951360936245,78.26855647113462,14.8577092694876,4.436279954360648,10.421429315126952,0.0493415389912204,0.010581359581667282,492.81
2026-08-04,480.9,499.4399,479.17,492.81,50455454,MSFT,407.11,476.71798402482176,337.50201597517827,1.1155903033295715,139.2159680496435,79.01915389149579,19.454099505881345,7.4398438646647875,12.014255641216558,0.010581359581667282,-0.010856110874373548,487.46
2026-08-05,496.355,498.24,485.68,487.46,33388871,MSFT,412.316,489.22558078158954,335.4064192184104,0.9885217110557167,153.81916156317914,76.08484769191669,22.40678018105166,10.433231127942161,11.973549053109497,-0.010856110874373548,0.025437984655151347,499.86
2026-08-06,488.55,501.555,488.52,499.86,36441544,MSFT,418.091,502.69693310164405,333.48506689835597,0.9832344316902941,169.21186620328808,78.11347580289434,25.453959853267122,13.437376873007153,12.016582980259969,0.025437984655151347,0.0002600728203896452,499.99
2026-08-07,499.21,505.18,498.73,499.99,28846235,MSFT,423.8355,514.1127109615704,333.5582890384296,0.9217814174189418,180.5544219231408,78.1344167685568,27.56164808815646,16.262231116037015,11.299416972119445,0.0002600728203896452,0.012140242804856038,506.06
2026-08-10,503.44,513.73,502.27,506.06,31206137,MSFT,429.58900000000006,525.2653924696156,333.91260753038455,0.8996335879004075,191.35278493923101,79.13811570184168,29.383094447820156,18.886403782393643,10.496690665426513,0.012140242804856038,-0.004446113109117467,503.81
2026-08-11,504.33,505.33,499.55,503.81,23049791,MSFT,435.533,534.1003051472948,336.96569485270527,0.8463470970316667,197.1346102945895,77.7140808387867,30.295816302852188,21.168286286485355,9.127530016366833,-0.004446113109117467,-0.02258788035171988,492.43
2026-08-12,499.99,501.5,491.52,492.43,29001478,MSFT,440.37300000000005,540.1267722795482,340.619227720452,0.7609274757756347,199.50754455909617,70.77707653803188,29.75785403767378,22.88619983672304,6.87165420095074,-0.02258788035171988,0.009036817415673193,496.88
2026-08-13,493.265,501.34,493.01,496.88,23038979,MSFT,445.162,546.1036242389628,344.22037576103725,0.7561777680412893,201.88324847792552,71.83577547998443,29.352238541734323,24.1794075777253,5.172830964009023,0.009036817415673193,-0.002978586379005055,495.4
2026-08-14,496.355,500.01,493.92,495.4,16217647,MSFT,450.2410000000001,550.5584843982841,349.923515601716,0.7250804048310663,200.6349687965681,70.91558675656209,28.581887500280516,25.059903562236347,3.521983938044169,-0.002978586379005055,-0.03037949132014528,480.35
2026-08-17,490.14,492.66,478.41,480.35,29635848,MSFT,454.14399999999995,552.7549260477762,355.5330739522238,0.6328757423254673,197.22185209555238,62.19138291360964,26.452046798283618,25.338332209445802,1.1137145888378157,-0.03037949132014528,0.0026647236390131557,481.63
2026-08-18,481.54,484.27,477.1505,481.63,24087591,MSFT,458.338,554.091828038361,362.5841719616391,0.6216243803363596,191.5076560767219,62.61265902757834,24.584028620955166,25.187471491747676,-0.6034428707925095,0.0026647236390131557,0.005564437431223146,484.31
2026-08-19,480.065,489.3,479.36,484.31,19961871,MSFT,463.0365,554.089535814299,371.983464185701,0.6168192790594424,182.106071628598,63.528950843504845,23.05411091939061,24.760799377276264,-1.7066884578856545,0.005564437431223146,-0.006524746546633375,481.15
2026-08-20,483.3,484.16,479.5,481.15,20020822,MSFT,468.015,551.2622280619603,384.7677719380397,0.5788915157044251,166.4944561239206,61.61156960408641,21.340652766661833,24.07677005515338,-2.7361172884915455,-0.006524746546633375,0.004343759742284181,483.24
2026-08-21,479.88,486.36,478.53,483.24,22510774,MSFT,473.092,546.4629857096118,399.72101429038827,0.5691554018380224,146.7419714192235,62.41944406255045,19.921725122596115,23.245761068641926,-3.324035946045811,0.004343759742284181,0.008422316033440902,487.31
2026-08-24,483.205,490.605,481.86,487.31,17230751,MSFT,478.00250000000005,540.5832366127954,415.4217633872047,0.5743639377208682,125.16147322559073,64.00792922706071,18.907673833113336,22.378143621536207,-3.4704697884228715,0.008422316033440902,0.009029160082903998,491.71
2026-08-25,485.44,492.435,484.3,491.71,19518987,MSFT,482.9205,532.1543466809173,433.6866533190826,0.5892627794956223,98.46769336183473,65.6960630775605,18.24871428912411,21.552257755053787,-3.3035434659296783,0.009029160082903998,0.009477130829147251,496.37
2026-08-26,487.85,497.4,487.31,496.37,20758853,MSFT,488.212,513.5362615687031,462.8877384312968,0.6610708367126102,50.64852313740636,67.4379871131579,17.896210779854755,20.821048360013982,-2.9248375801592275,0.009477130829147251,0.01750710155730606,505.06
2026-08-27,494.88,506.48,490.08,505.06,28688756,MSFT,490.91,510.7471449558677,471.0728550441323,0.8566541463370841,39.6742899117354,70.45128702722928,18.10930676797875,20.27870004160694,-2.169393273628188,0.01750710155730606,0.016770284718647277,513.53
2026-08-28,505.33,517.78,504.8675,513.53,29207325,MSFT,493.3505,511.6490742340794,475.0519257659206,1.0513954186227663,36.59714846815882,73.0674066944085,18.74555796359749,19.97207162600505,-1.2265136624075588,0.016770284718647277,-0.012151188830253234,507.29
2026-08-31,510.38,512.19,506.39,507.29,27208911,MSFT,494.3325,513.3940664361594,475.2709335638406,0.8398854979572906,38.12313287231882,68.27177219953263,18.53264299761679,19.6841859003274,-1.1515429027106094,-0.012151188830253234,-0.012359794200555996,501.02
2026-09-01,497.52,505.97,496.78,501.02,21046892,MSFT,494.74300000000005,514.0082589912547,475.47774100874534,0.662909826513346,38.530517982509366,63.74453768432008,17.654460126861295,19.27824074563418,-1.6237806187728836,-0.012359794200555996,-0.008382898886271972,496.82
2026-09-02,499.85,500.27,493.81,496.82,15336074,MSFT,495.21099999999996,514.1985874191568,476.22341258084316,0.5423697851780974,37.97517483831359,60.834438748420624,16.430191950322296,18.7086309865718,-2.2784390362495053,-0.008382898886271972,0.026770258846262163,510.12
2026-09-03,501.66,515.65,500.8,510.12,24125893,MSFT,495.72400000000005,515.7142180078189,475.73378199218126,0.8600761130861403,39.98043601563762,66.11057510871575,16.344737487788052,18.235852286815053,-1.891114799027001,0.026770258846262163,-0.020426566298126003,499.7
2026-09-04,510.0,511.0,499.36,499.7,18101758,MSFT,495.70949999999993,515.6877366339004,475.7312633660995,0.5998711766490116,39.9564732678009,59.36327160589712,15.26029609990178,17.6407410494324,-2.38044494953062,-0.020426566298126003,-0.011506904142485452,493.95
2026-09-08,493.01,495.19,490.15,493.95,18882338,MSFT,495.104,514.5167797082262,475.69122029177373,0.4702773117156695,38.82555941645245,55.96866783282569,13.778066566943608,16.86820615293464,-3.0901395859910323,-0.011506904142485452,-0.004656341734993408,491.65
2026-09-09,493.07,494.39,489.8,491.65,12889572,MSFT,494.496,513.538176766329,475.453823233671,0.4252711484899031,38.084353532657985,54.623140263709445,12.276284835230626,15.949821889393839,-3.673537054163212,-0.004656341734993408,0.0016068341299706468,492.44
2026-09-10,488.32,494.52,486.0,492.44,16038805,MSFT,494.4965,513.538460271992,475.4545397280081,0.4460008326184547,38.08392054398388,55.02310439498332,11.022794477504078,14.964416407015888,-3.9416219295118093,0.0016068341299706468,0.006477946551864289,495.63
2026-09-11,495.65,498.97,492.58,495.63,14518435,MSFT,494.434,513.4524483068446,475.41555169315546,0.5314431540550422,38.03689661368918,56.68341408511805,10.169572180396415,14.005447561691994,-3.8358753812955797,0.006477946551864289,0.01973246171539267,505.41
2026-09-14,497.06,509.95,495.3416,505.41,23091892,MSFT,494.93449999999996,514.5459063493703,475.3230936506297,0.7670767157995376,39.2228126987406,61.38928804685522,10.165371552401496,13.237432359833896,-3.0720608074324005,0.01973246171539267,-0.016402524682930686,497.12
2026-09-15,500.06,505.9,495.54,497.12,17794612,MSFT,495.773,514.2177467860126,477.3282532139874,0.5365144616954423,36.88949357202523,55.85051450315888,9.384925230725685,12.466930934012254,-3.082005703286569,-0.016402524682930686,-0.013719021564209788,490.3
2026-09-16,493.03,495.97,487.23,490.3,16670285,MSFT,496.20649999999995,513.6834233848559,478.72957661514397,0.33102002938577824,34.95384676971196,51.71656461276207,8.122468138464342,11.598038374902671,-3.4755702364383296,-0.013719021564209788,0.015194778706914214,497.75
2026-09-17,497.795,501.47,493.17,497.75,17841640,MSFT,496.8785,513.4859576922576,480.2710423077424,0.5262382122582893,33.214915384515166,55.58409002037417,7.635101833832607,10.80545106668866,-3.1703492328560525,0.015194778706914214,-0.007975891511803224,493.78
2026-09-18,497.965,498.65,491.1,493.78,39622288,MSFT,497.51000000000005,512.5650815341575,482.45491846584264,0.37612156096473665,30.11016306831482,53.14130017537054,6.849557272268385,10.014272307804605,-3.1647150355362204,-0.007975891511803224,0.015857264368747348,501.61
2026-09-21,494.945,501.87,491.33,501.61,27959944,MSFT,498.4285000000001,512.0636138975856,484.79338610241456,0.6166656921202294,27.270227795171024,57.141894495910826,6.780659883324631,9.367549822908611,-2.5868899395839797,0.015857264368747348,-0.00719682621957296,498.0
2026-09-22,507.32,508.5,493.65,498.0,21652838,MSFT,498.963,511.6155129519844,486.31048704801566,0.46194431874306086,25.305025903968726,54.81814792670442,6.361430762262444,8.766326010779379,-2.404895248516935,-0.00719682621957296,0.005200803212851435,500.59
2026-09-23,500.755,509.44,495.88,500.59,19445555,MSFT,499.407,511.62607377832427,487.1879262216757,0.5484079244246215,24.438147556648573,56.19453217848963,6.167089647330386,8.24647873808958,-2.0793890907591948,0.005200803212851435,-0.005313729798837263,497.93
2026-09-24,495.07,498.9,491.22,497.93,16657643,MSFT,499.48499999999996,511.64530673955767,487.32469326044225,0.4360624681061085,24.320613479115423,54.36287318189446,5.732354133952526,7.74365381726217,-2.0112996833096437,-0.005313729798837263,0.03663165505191479,516.17
2025-11-12,291.675,292.005,283.69,286.71,24829923,GOOGL,271.3855,299.8026261565979,242.96837384340205,0.7696349362625807,56.83425231319586,66.4254345424534,10.18430842082546,9.516154623259801,0.6681537975656582,-0.015790738388658188,-0.028391057165777167,278.57
2025-11-13,282.34,282.84,277.24,278.57,29494040,GOOGL,272.741,299.77989487386645,245.70210512613352,0.6077891686622486,54.077789747732936,57.42253502037452,9.286078529093402,9.470139404426522,-0.18406087533312032,-0.028391057165777167,-0.00775388591736359,276.41
2025-11-14,271.405,278.56,270.7,276.41,31647227,GOOGL,273.8965,299.4476825753722,248.34531742462784,0.54918559038482,51.10236515074436,55.28141420662157,8.30420521187773,9.236952565916765,-0.9327473540390354,-0.00775388591736359,0.03114937954487873,285.02
2025-11-17,285.775,293.95,283.57,285.02,52670192,GOOGL,275.32000000000005,300.0044841955429,250.63551580445724,0.6964796979989439,49.368968391085644,61.4516123816257,8.12713403500652,9.014988859734716,-0.8878548247281959,0.03114937954487873,-0.0025963090309452097,284.28
2025-11-18,287.915,288.8,278.2,284.28,49158743,GOOGL,277.011,299.1545822756844,254.86741772431566,0.6641333346497861,44.28716455136873,60.67671117554202,7.836754804865109,8.779342048760794,-0.9425872438956855,-0.0025963090309452097,0.03000562825383435,292.81
2025-11-19,287.16,303.81,286.63,292.81,68198944,GOOGL,279.067,298.94464483031135,259.18935516968867,0.8456898469944324,39.75528966062268,65.99908795751546,8.20039780341682,8.663553199692,-0.4631553962751802,0.03000562825383435,-0.011475017929715614,289.45
2025-11-20,304.54,306.42,288.67,289.45,62025218,GOOGL,280.8855,297.2680974436291,264.5029025563709,0.7613901742220551,32.76519488725819,62.41546021929028,8.123817271758867,8.555606014105374,-0.431788742346507,-0.011475017929715614,0.03527379512869255,299.66
2025-11-21,296.415,303.92,293.845,299.66,74137697,GOOGL,282.8725,298.20816936915384,267.53683063084617,1.0473350916708728,30.671338738307668,68.08614349645214,8.785712099984039,8.601627231281107,0.18408486870293217,0.03527379512869255,0.06313822331976215,318.58
2025-11-24,311.13,319.48,309.595,318.58,85165123,GOOGL,285.338,306.04711644662814,264.6288835533719,1.3025933913132366,41.41823289325623,75.47157520906767,10.713456343180553,9.023993053660996,1.6894632895195567,0.06313822331976215,0.015255194927490834,323.44
2025-11-25,326.21,328.83,317.65,323.44,88632074,GOOGL,288.1365,313.11730244908085,263.1556975509192,1.2066126092618568,49.96160489816168,76.94734102146388,12.489398911574654,9.717074225243728,2.7723246863309257,0.015255194927490834,-0.010790254761315898,319.95
2025-11-26,320.68,324.5,316.79,319.95,51373361,GOOGL,290.40549999999996,318.1373737015731,262.6736262984268,1.0326812807156998,55.46374740314627,73.52625440412336,13.460073016025035,10.46567398339999,2.9943990326250454,-0.010790254761315898,0.0007188623222378343,320.18
2025-11-28,323.365,326.85,316.79,320.18,26018568,GOOGL,292.3405,322.5969237642191,262.0840762357809,0.9600593285073342,60.512847528438215,73.60952750010901,14.085529103374768,11.189645007394946,2.895884095979822,0.0007188623222378343,-0.01652195639952536,314.89
2025-12-01,317.7,319.85,313.89,314.89,41182956,GOOGL,294.0255,325.3451988970201,262.70580110297993,0.8330890898504952,62.63939779404018,68.28902386076587,13.993045649265525,11.750325135769062,2.2427205134964634,-0.01652195639952536,0.0029216551811743763,315.81
2025-12-02,316.74,318.38,313.91,315.81,35854744,GOOGL,295.63,327.945601185805,263.314398814195,0.8122330895837442,64.63120237161002,68.71257453872563,13.834512508305124,12.167162610276275,1.6673498980288493,0.0029216551811743763,0.012095880434438433,319.63
2025-12-03,315.89,321.58,314.1,319.63,41838317,GOOGL,297.7345,330.54201101501,264.92698898499003,0.8336964512483499,65.61502203001999,70.47590068380723,13.857376714010798,12.505205431023182,1.3521712829876158,0.012095880434438433,-0.006288521102524758,317.62
2025-12-04,322.225,322.36,314.7,317.62,31240924,GOOGL,299.4,332.6908455885398,266.10915441146017,0.7736488016133805,66.58169117707962,68.29483834738727,13.557029562195964,12.71557025725774,0.8414593049382244,-0.006288521102524758,0.011491719665008393,321.27
2025-12-05,319.49,323.16,319.165,321.27,28851705,GOOGL,301.226,335.1033991917916,267.3486008082084,0.7958314463061938,67.75479838358319,70.10417537476434,13.458386869894412,12.864133579785074,0.5942532901093376,0.011491719665008393,-0.02350048246023584,313.72
2025-12-08,320.05,320.44,311.2219,313.72,33403895,GOOGL,302.9705,335.62641675332367,270.31458324667636,0.6645873254944825,65.3118335066473,62.19738224542324,12.625451576838884,12.816397179195837,-0.1909456023569529,-0.02350048246023584,0.010710187428279783,317.08
2025-12-09,312.37,317.99,311.895,317.08,30089731,GOOGL,304.31949999999995,336.96632739562915,271.67267260437075,0.6954324664593354,65.2936547912584,64.13600017033902,12.09702134351221,12.672522012059112,-0.5755006685469013,0.010710187428279783,0.009871325848366252,320.21
2025-12-10,315.83,321.31,314.68,320.21,33428923,GOOGL,305.7645,338.5382001115224,272.99079988847757,0.7203825010731897,65.54740022304486,65.89081553533667,11.794837869042453,12.49698518345578,-0.7021473144133275,0.009871325848366252,-0.024296555385528218,312.43
2025-12-11,320.08,321.12,308.6,312.43,42353697,GOOGL,307.0505,338.7328486976582,275.3681513023418,0.5848974306061727,63.3646973953164,58.26012160518798,10.803043547232392,12.158196856211104,-1.3551533089787124,-0.024296555385528218,-0.01005025125628134,309.29
2025-12-12,313.7,314.87,305.56,309.29,35940170,GOOGL,308.5865,337.4501333644953,279.7228666355047,0.5121866154395064,57.72726672899057,55.468109787069224,9.652400776045226,11.65703764017793,-2.004636864132703,-0.01005025125628134,-0.003459536357463877,308.22
2025-12-15,311.315,311.42,304.88,308.22,29151889,GOOGL,310.17699999999996,334.99538036617224,285.3586196338277,0.460573575488686,49.636760732344555,54.509467423049976,8.555545034789816,11.036739119100307,-2.4811940843104914,-0.003459536357463877,-0.005353319057815997,306.57
2025-12-16,304.945,310.77,302.59,306.57,30585020,GOOGL,311.2545,333.3301684836498,289.1788315163502,0.393899022730171,44.151336967299585,52.988636804066815,7.46706210321031,10.322803715922308,-2.8557416127119986,-0.005353319057815997,-0.03212969305541957,296.72
2025-12-17,308.01,308.09,296.12,296.72,43930358,GOOGL,311.8765,331.43444495850747,292.3185550414926,0.11252319627254304,39.1158899170149,44.929674084975666,5.743412375013179,9.406925447740482,-3.6635130727273033,-0.03212969305541957,0.019344836883256722,302.46
2025-12-18,301.72,303.96,299.2308,302.46,33518048,GOOGL,312.35900000000004,330.43134893421467,294.2866510657854,0.22612857254932595,36.14469786842926,49.72793106719849,4.785414298790215,8.48262321795043,-3.6972089191602144,0.019344836883256722,0.015539244858824519,307.16
2025-12-19,301.73,307.25,300.97,307.16,59943239,GOOGL,313.2445,328.2082835790287,298.2807164209713,0.2966924619075874,29.9275671580574,53.31480170520563,4.355240144498225,7.6571466032599895,-3.3019064587617644,0.015539244858824519,0.008529756478707906,309.78
2025-12-22,309.875,310.13,305.3,309.78,26429937,GOOGL,313.7505,327.4757868458189,300.0252131541811,0.3553582141997442,27.45057369163783,55.232329078053034,4.177579594617043,6.9612332015314005,-2.783653606914357,0.008529756478707906,0.014752404932532936,314.35
2025-12-23,309.625,314.94,309.32,314.35,25478670,GOOGL,313.53900000000004,327.08933711757794,299.98866288242215,0.5299254547308615,27.100674235155793,58.43895579752292,4.3553375159966095,6.440054064424443,-2.084716548427833,0.014752404932532936,-0.0008271035470018839,314.09
2025-12-24,314.77,315.08,311.92,314.09,10097361,GOOGL,313.07149999999996,325.84616911508897,300.29683088491095,0.539864046216156,25.549338230178023,58.18361135411548,4.424232326011918,6.036889716741938,-1.6126573907300203,-0.0008271035470018839,-0.0018466044764239298,313.51
2025-12-26,314.48,315.085,312.275,313.51,10899017,GOOGL,312.7495,325.13308344745207,300.36591655254796,0.5307059746973504,24.767166894904108,57.579205088024246,4.381523332992401,5.705816439992032,-1.3242931069996304,-0.0018466044764239298,0.00015948454594760797,313.56
2025-12-29,311.365,314.02,310.62,313.56,19621777,GOOGL,312.4185,324.3350351927483,300.5019648072517,0.5478956333169165,23.833070385496626,57.62007607744788,4.302118585378935,5.425076869069413,-1.122958283690478,0.00015948454594760797,0.0009248628651614688,313.85
2025-12-30,312.5,316.95,312.46,313.85,17380888,GOOGL,312.3665,324.24846831337334,300.4845316866266,0.5624265256763201,23.763936626746727,57.87359096391118,4.214013799238728,5.182864255103276,-0.9688504558645477,0.0009248628651614688,-0.0027083001433806375,313.0
2025-12-31,312.845,314.58,311.44,313.0,16377689,GOOGL,312.226,324.0078052946061,300.4441947053939,0.5328472581512763,23.563610589212203,56.80107089246381,4.029156615804197,4.95212272724346,-0.9229661114392629,-0.0027083001433806375,0.0068690095846644095,315.15
2026-01-02,316.9,322.5,310.33,315.15,32009385,GOOGL,312.002,323.3754930430369,300.6285069569631,0.6383919605036047,22.746986086073775,58.87700676583847,4.009919145981655,4.763682010991099,-0.7537628650094437,0.0068690095846644095,0.004410598127875698,316.54
2026-01-05,317.655,319.015,314.63,316.54,30195597,GOOGL,311.948,323.2241245115513,300.6718754884487,0.7036160559993808,22.552249023102604,60.208361536143535,4.060033160838884,4.6229522409606565,-0.5629190801217723,0.004410598127875698,-0.006950148480444951,314.34
2026-01-06,316.4,320.94,311.78,314.34,31212101,GOOGL,311.60150000000004,322.1103120641683,301.0926879358318,0.630295412234907,21.01762412833648,57.05966461833959,3.8775295182245486,4.473867696413435,-0.5963381781888861,-0.006950148480444951,0.02430489279124526,321.98
2026-01-07,314.36,326.15,314.19,321.98,35104425,GOOGL,312.0145,323.4336899450008,300.5953100549992,0.9363488149333565,22.838379890001647,64.0841641695969,4.299812652720732,4.439056687674895,-0.13924403495416282,0.02430489279124526,0.01074600906888623,325.44
2026-01-08,328.965,330.3196,321.5,325.44,31896101,GOOGL,312.4325,325.1059350118667,299.75906498813333,1.0131797333485564,25.346870023733345,66.73795295243437,4.857671944388983,4.522779739017713,0.3348922053712702,0.01074600906888623,0.009617748279252769,328.57
2026-01-09,327.09,330.83,325.8,328.57,26214166,GOOGL,312.8505,326.9892035827196,298.7117964172804,1.0559031600044453,28.277407165439172,68.9714950808902,5.489069714848256,4.716037734183821,0.7730319806644346,0.009617748279252769,0.01001308701342185,331.86
2026-01-12,325.8,334.04,325.0,331.86,33923928,GOOGL,313.822,330.20383579456245,297.44016420543755,1.050548797650239,32.7636715891249,71.16341763944824,6.183651219169974,5.009560431181052,1.1740907879889217,0.01001308701342185,0.012384740553245344,335.97
2026-01-13,334.95,340.49,333.62,335.97,33517607,GOOGL,315.156,334.0039520372907,296.30804796270934,1.0521554797789046,37.695904074581335,73.66612322367386,6.985233295556895,5.404695004056221,1.580538291500674,0.012384740553245344,-0.0003869393100576213,335.84
2026-01-14,335.06,336.52,330.48,335.84,28525571,GOOGL,316.537,337.1175880382463,295.95641196175364,0.9689613329834865,41.161176076492666,73.44898414917918,7.523279272263835,5.828411857697744,1.6948674145660911,-0.0003869393100576213,-0.009111481657932408,332.78
2026-01-15,337.65,337.69,330.74,332.78,28442406,GOOGL,317.84749999999997,339.05103166338114,296.6439683366188,0.8521229443533849,42.40706332676234,68.3424803276458,7.614987324985748,6.1857269511553445,1.4292603738304033,-0.009111481657932408,-0.00835386741991695,330.0
2026-01-16,334.41,334.65,327.7,330.0,40341637,GOOGL,319.51149999999996,338.9736830995397,300.0493169004602,0.7694584658451827,38.924366199079486,63.989800932001714,7.378291499340662,6.424239860792408,0.954051638548254,-0.00835386741991695,-0.024242424242424288,322.0
2026-01-20,320.87,327.73,320.43,322.0,34808916,GOOGL,320.48850000000004,338.32235126662243,302.65464873337766,0.542377273910231,35.66770253324478,53.44166337514796,6.470586319711742,6.433509152576276,0.03707716713546638,-0.024242424242424288,0.019813664596273206,328.38
2026-01-21,320.92,332.4799,319.3518,328.38,35386603,GOOGL,321.54949999999997,338.5926434600548,304.50635653994516,0.7003885027433215,34.086286920109615,59.21562871454011,6.194628286444413,6.385732979349904,-0.19110469290549137,0.019813664596273206,0.006577745295085036,330.54
2026-01-22,334.45,335.15,328.75,330.54,26253640,GOOGL,322.5875,339.1591793053694,306.0158206946306,0.7399424902406646,33.1433586107388,60.97996795774341,6.080135487885229,6.32461348105697,-0.24447799317174024,0.006577745295085036,-0.007896169903793826,327.93
2026-01-23,332.485,333.6889,327.45,327.93,27279974,GOOGL,323.2665,339.54266573398075,306.99033426601926,0.6432616279601935,32.552331467961494,57.730125817851714,5.712938731317422,6.2022785311090605,-0.48933979979163844,-0.007896169903793826,0.0162534687280822,333.26
2026-01-26,327.805,335.84,327.0,333.26,26042120,GOOGL,324.225,340.48449138195934,307.9655086180407,0.7778377191436852,32.51898276391864,62.16462429292445,5.785329435074004,6.11888871190205,-0.333559276828046,0.0162534687280822,0.0038708515873493443,334.55
2026-01-27,335.365,337.91,333.48,334.55,19722250,GOOGL,325.277,341.34881147226434,309.20518852773563,0.7884864601604722,32.143622944528715,63.17165551620961,5.8790221011502695,6.070915389751694,-0.19189328860142485,0.0038708515873493443,0.004364071140337655,336.01
2026-01-28,336.06,337.535,331.94,336.01,27434434,GOOGL,326.3995,342.1743197771007,310.62468022289926,0.8046152075204983,31.549639554201462,64.32885895587083,6.001897869715435,6.057111885744442,-0.055214016029006885,0.004364071140337655,0.0066664682598731595,338.25
2026-01-29,340.3,342.29,326.54,338.25,39785612,GOOGL,327.6195,343.0946484322448,312.1443515677552,0.8434700496264624,30.950296864489587,66.08938722375042,6.2084598209306705,6.087381472781688,0.12107834814898233,0.0066664682598731595,-0.0007390983000739038,338.0
2026-01-30,340.0,340.0,332.285,338.0,31023954,GOOGL,328.8695,343.4309291537612,314.3080708462388,0.813516616521174,29.122858307522392,65.69965549227052,6.279601408681344,6.12582545996162,0.15377594871972455,-0.0007390983000739038,0.016834319526627173,343.69
2026-02-02,336.22,344.83,335.63,343.69,32006052,GOOGL,330.2965,344.79389324844317,315.7991067515568,0.9619278711170467,28.994786496886377,70.03135298155664,6.717679844569432,6.244196336883182,0.47348350768624936,0.016834319526627173,-0.011580203089993968,339.71
2026-02-03,347.34,349.0,337.4745,339.71,35930599,GOOGL,331.455,345.0447189080571,317.86528109194285,0.8037222497334265,27.179437816114273,63.948011819823556,6.666856056794359,6.328728280865418,0.3381277759289407,-0.011580203089993968,-0.019634394041976866,333.04
2026-02-04,342.96,343.31,328.52,333.04,70618398,GOOGL,332.39,343.4851052270812,321.2948947729188,0.5292921962746914,22.19021045416241,55.28128287295188,6.0189815101694535,6.266778926726226,-0.24779741655677245,-0.019634394041976866,-0.0053747297621907775,331.25
2026-02-05,312.22,332.69,306.46,331.25,88205849,GOOGL,332.8535,342.89483113685657,322.8121688631434,0.42015500842740006,20.08266227371314,53.19759785014252,5.300003087484242,6.07342375887783,-0.7734206713935876,-0.0053747297621907775,-0.02532830188679236,322.86
2026-02-06,327.18,330.38,319.92,322.86,56380484,GOOGL,332.7245,343.20036650354064,322.2486334964593,0.029179758224967014,20.951733007081316,44.694097358209284,4.007014259597099,5.660141859021684,-1.653127599424585,-0.02532830188679236,0.0045220838753639025,324.32
2026-02-09,320.93,327.7,317.26,324.32,39640055,GOOGL,332.512,343.4773227950665,321.5466772049335,0.12645878497595536,21.930645590133054,46.30264594598149,3.0647920809437323,5.141071903406094,-2.0762798224623618,0.0045220838753639025,-0.017698569314257506,318.58
2026-02-10,320.97,321.67,314.61,318.58,39170012,GOOGL,331.848,344.38633417962717,319.30966582037286,-0.02909739882186527,25.076668359254313,41.22599227928248,1.833765677942381,4.479610658313352,-2.6458449803709714,-0.017698569314257506,-0.023918638960386707,310.96
2026-02-11,318.97,321.06,309.66,310.96,45406405,GOOGL,330.59749999999997,345.92128396480473,315.2737160351952,-0.14075231173654137,30.647567929609522,35.639590194336094,0.24052543994480402,3.631793614639643,-3.3912681746948388,-0.023918638960386707,-0.006303061487007877,309.0
2026-02-12,312.09,316.24,307.2,309.0,47761288,GOOGL,329.2555,347.01523364102087,311.4957663589791,-0.07026474634772822,35.519467282041774,34.35022356777644,-1.1668340107934227,2.6720680895530298,-3.8389021003464525,-0.006303061487007877,-0.010614886731391548,305.72
2026-02-13,307.725,308.63,303.71,305.72,38499701,GOOGL,327.90250000000003,348.308019718939,307.49698028106104,-0.043541657001064875,40.81103943787798,32.24768158695193,-2.517821227060722,1.6340902262302794,-4.151911453291001,-0.010614886731391548,-0.01210257752191568,302.02
2026-02-17,300.04,304.435,296.25,302.02,39247556,GOOGL,326.5035,349.7770319837795,303.2299680162204,-0.025994507775264384,46.5470639675591,30.015769168895773,-3.842750570551459,0.5387220668739318,-4.381472637425391,-0.01210257752191568,0.004337461095291761,303.33
2026-02-18,302.09,305.38,301.25,303.33,28482075,GOOGL,325.57,350.8981961457979,300.2418038542021,0.06096360214563176,50.65639229159581,31.815140741404676,-4.732507172197529,-0.5155237809403604,-4.216983391257169,0.004337461095291761,-0.0015824349718127628,302.85
2026-02-19,301.82,305.47,300.04,302.85,25834395,GOOGL,324.2935,351.43498431829056,297.15201568170943,0.10496817807511616,54.28296863658113,31.495600776502272,-5.413968815399414,-1.4952127878321713,-3.918756027567243,-0.0015824349718127628,0.04005283143470373,314.98
2026-02-20,304.32,316.5,303.9,314.98,53210820,GOOGL,323.5155,350.7878951826753,296.24310481732465,0.34351392785951385,54.54479036535065,46.20081293203151,-4.918544532262445,-2.179879136718226,-2.7386653955442184,0.04005283143470373,-0.011080068575782587,311.49
2026-02-23,319.045,319.515,309.865,311.49,31422974,GOOGL,322.6935,350.3721157710246,295.01488422897535,0.2976145177800338,55.35723154204925,43.31953017716857,-4.752744372741859,-2.694452183922953,-2.0582921888189056,-0.011080068575782587,-0.0018941218016630401,310.9
2026-02-24,310.515,312.27,305.93,310.9,25615646,GOOGL,321.57550000000003,349.2629198689588,293.88808013104125,0.3072138890058028,55.37483973791757,42.83320350665831,-4.615747160892511,-3.0787111793168647,-1.537035981575646,-0.0018941218016630401,0.006432936635574205,312.9
2026-02-25,312.06,313.64,309.44,312.9,29963621,GOOGL,320.49300000000005,347.7563696376662,293.2296303623339,0.3607472205213062,54.52673927533226,45.08384907020277,-4.296267896214033,-3.3222225226962987,-0.9740453735177343,0.006432936635574205,-0.017641418983700752,307.38
2026-02-26,312.64,313.14,302.345,307.38,36431231,GOOGL,319.06149999999997,345.91907343841797,292.20392656158197,0.28252875251770976,53.715146876836,40.36085525654674,-4.4373451914521524,-3.5452470564474696,-0.8920981350046828,-0.017641418983700752,0.014249463205153301,311.76
2026-02-27,304.135,312.37,303.8,311.76,44640640,GOOGL,317.73699999999997,343.25826023534137,292.21573976465857,0.3829015506114559,51.0425204706828,45.26104200628152,-4.147906090097933,-3.6657788631775627,-0.4821272269203707,0.014249463205153301,-0.016807800872466028,306.52
2026-03-02,303.225,308.49,301.3,306.52,34790203,GOOGL,316.163,340.33883926154414,291.9871607384559,0.30056535171999393,48.35167852308825,40.92844469219288,-4.291873676329317,-3.7909978258079136,-0.5008758505214033,-0.016807800872466028,-0.009591543781808709,303.58
2026-03-03,298.59,303.94,296.71,303.58,35496961,GOOGL,314.1575,335.3353732407204,292.97962675927965,0.25027001342935024,42.35574648144075,38.690599870691734,-4.590288466951222,-3.9508559540365753,-0.6394325129146465,-0.009591543781808709,-0.0014823110876869272,303.13
2026-03-04,302.89,305.47,300.75,303.13,29536190,GOOGL,312.3285,330.4628996592118,294.1941003407882,0.24637980377455093,36.26879931842359,38.345008072624914,-4.807675685051549,-4.12221990023957,-0.6854557848119791,-0.0014823110876869272,-0.0074225579784250595,300.88
2026-03-05,303.035,303.3,297.99,300.88,35752321,GOOGL,310.7205,326.81193185052285,294.6290681494772,0.19423168517846082,32.182863701045676,36.58538255293365,-5.1026921586623075,-4.318314351924117,-0.7843778067381901,-0.0074225579784250595,-0.007843658601435877,298.52
2026-03-06,296.09,300.53,295.18,298.52,25576916,GOOGL,309.084,323.0016153129774,295.1663846870226,0.12048096019187643,27.83523062595475,34.782425230141314,-5.463942191734475,-4.547439919886189,-0.9165022718482856,-0.007843658601435877,0.02626289695832784,306.36
2026-03-09,294.36,306.8,294.08,306.36,29312149,GOOGL,308.25899999999996,320.68904086879934,295.8289591312006,0.4236124796352593,24.86008173759876,44.557295387642185,-5.059292591529072,-4.649810454214766,-0.40948213731430627,0.02626289695832784,0.002219610915263015,307.04
2026-03-10,306.17,309.51,305.5704,307.04,23239684,GOOGL,307.395,317.40629262383356,297.3837073761664,0.4822700217974438,20.022585247667166,45.32276930304274,-4.630358658701198,-4.645920095112053,0.015561436410854945,0.002219610915263015,0.005406461698801435,308.7
2026-03-11,306.75,311.42,305.92,308.7,24125714,GOOGL,306.901,315.53636889773827,298.26563110226175,0.6041646292882268,17.27073779547652,47.23787234966891,-4.109110037155631,-4.538558083520768,0.42944804636513734,0.005406461698801435,-0.016682863621639066,303.55
2026-03-12,306.82,308.94,301.03,303.55,24928347,GOOGL,306.53049999999996,315.0728216399305,297.9881783600694,0.3255450844845394,17.084643279861098,42.289095636442084,-4.064723111019873,-4.443791089020589,0.379067978000716,-0.016682863621639066,-0.004183824740569997,302.28
2026-03-13,307.01,307.69,300.44,302.28,23693092,GOOGL,306.1945,314.84974921651747,297.53925078348254,0.2738655524482358,17.310498433034923,41.144375862737014,-4.08493593970536,-4.372020059157544,0.2870841194521834,-0.004183824740569997,0.010850866746063392,305.56
2026-03-16,304.35,306.4886,303.0201,305.56,23519709,GOOGL,306.18649999999997,314.8437842739525,297.5292157260474,0.46381659766649136,17.314568547905083,45.2652445448606,-3.7925678033226973,-4.256129607990575,0.46356180466787755,0.010850866746063392,0.017541563031810536,310.92
2026-03-17,305.86,311.42,305.5,310.92,21955171,GOOGL,306.6315,315.3013172414432,297.96168275855683,0.7473235525369698,17.339634482886368,51.269723298903706,-3.092705955121744,-4.023444877416809,0.930738922295065,0.017541563031810536,-0.010388524379261632,307.69
2026-03-18,309.27,312.47,306.932,307.69,20009815,GOOGL,306.84950000000003,315.39465880484533,298.30434119515473,0.5491798935043419,17.0903176096906,47.862285187353805,-2.766800450632445,-3.7721159920599363,1.0053155414274912,-0.010388524379261632,-0.0018200136501024256,307.13
2026-03-19,304.005,308.06,302.35,307.13,25075831,GOOGL,307.0635,315.40934273755647,298.7176572624435,0.503984019474796,16.69168547511299,47.27564120651373,-2.5246032553701525,-3.52261344472198,0.9980101893518274,-0.0018200136501024256,-0.019958975026861614,301.0
2026-03-20,305.46,306.0,298.27,301.0,44364079,GOOGL,306.36449999999996,314.27131345423203,298.4576865457679,0.16076725908281964,15.81362690846413,41.307162090773026,-2.795080059590589,-3.377106767695702,0.5820267081051131,-0.019958975026861614,0.0035215946843853985,302.06
2026-03-23,302.11,305.98,300.93,302.06,29326946,GOOGL,305.893,313.6441317883278,298.14186821167215,0.2527457857333842,15.50226357665565,42.65534636986478,-2.890580916918964,-3.2798015975403545,0.3892206806213907,0.0035215946843853985,-0.03846917830894525,290.44
2026-03-24,299.2,299.92,290.33,290.44,36864278,GOOGL,304.87,314.8017148569634,294.93828514303664,-0.22646064691853202,19.863429713926735,33.55585026235289,-3.859413999818173,-3.3957240779959186,-0.46368992182225455,-0.03846917830894525,0.0016870954413992223,290.93
2026-03-25,293.44,296.0,289.24,290.93,29460669,GOOGL,303.7715,314.71593653186534,292.82706346813467,-0.08666793683764601,21.88887306373067,34.19336203553185,-4.5354010134877285,-3.6236594650942804,-0.9117415483934481,0.0016870954413992223,-0.03440690200391838,280.92
2026-03-26,287.91,287.95,278.5,280.92,39080578,GOOGL,302.4485,317.0981870615051,287.79881293849496,-0.23477678770935598,29.299374123010125,28.23369653738969,-5.811853505525221,-4.061298273180468,-1.7505552323447526,-0.03440690200391838,-0.02342303858749839,274.34
2026-03-27,277.275,279.37,273.95,274.34,35890612,GOOGL,300.5775,319.0514685774343,282.10353142256565,-0.21012083543458848,36.94793715486867,25.13273530519011,-7.270591457913326,-4.70315691012704,-2.567434547786286,-0.02342303858749839,-0.0030618940001456707,273.5
2026-03-30,276.42,277.09,272.11,273.5,35141244,GOOGL,298.9265,320.60505740126706,277.2479425987329,-0.08644354256048947,43.35711480253417,24.75888498880029,-8.397630121944815,-5.442051552490595,-2.95557856945422,-0.0030618940001456707,0.05140767824497261,287.56
2026-03-31,278.04,288.08,277.09,287.56,43875400,GOOGL,298.1255,320.2366261359532,276.0143738640468,0.261081820640057,44.22225227190643,40.66775965859611,-8.063342692089861,-5.966309780410449,-2.0970329116794124,0.05140767824497261,0.03418417026011955,297.39
2026-04-01,290.835,300.52,290.41,297.39,37684462,GOOGL,297.83849999999995,319.8310353472498,275.8459646527501,0.4898033584368877,43.985070694499655,48.81612155962874,-6.925387096709528,-6.158125243670265,-0.7672618530392628,0.03418417026011955,-0.005447392313124189,295.77
2026-04-02,290.69,298.08,289.45,295.77,21666465,GOOGL,297.583,319.54697240938066,275.6190275906194,0.45872786656693926,43.92794481876126,47.654591395984404,-6.084135424013198,-6.143327279738853,0.059191855725654996,-0.005447392313124189,0.01426784325658459,299.99
2026-04-06,295.87,300.62,295.18,299.99,16945494,GOOGL,297.6565,319.64235024510157,275.6706497548984,0.5530682228339092,43.97170049020315,50.92999938434339,-5.01906205738203,-5.918474235267488,0.8994121778854582,0.01426784325658459,0.018233941131371,305.46
2026-04-07,302.725,305.63,297.72,305.46,23205361,GOOGL,297.61150000000004,319.5294892097801,275.69351079022,0.6790424277720206,43.83597841956009,54.87179771995416,-3.691052302244998,-5.47298984866299,1.7819375464179918,0.018233941131371,0.03882668761867358,317.32
2026-04-08,320.445,322.08,315.02,317.32,33547140,GOOGL,298.1255,321.3471954376728,274.9038045623272,0.9132880833683783,46.443390875345585,61.99950199315098,-1.6624286786790208,-4.710877614666196,3.0484489359871754,0.03882668761867358,0.0036871297113325596,318.49
2026-04-09,315.905,319.54,311.06,318.49,23739173,GOOGL,298.61499999999995,323.0867645461056,274.1432354538943,0.9060802391783983,48.94352909221129,62.62662085331347,0.03922719367244554,-3.7608566529984677,3.8000838466709133,0.0036871297113325596,-0.003924770008477463,317.24
2026-04-10,320.015,321.83,316.32,317.24,19152630,GOOGL,299.2995,325.0191496671326,273.57985033286747,0.8487703027099619,51.439299334265115,61.45965136560392,1.2722712282079556,-2.754231076757183,4.026502304965138,-0.003924770008477463,0.012829403606102519,321.31
2026-04-13,317.135,321.63,315.47,321.31,18866424,GOOGL,300.251,327.6917491880238,272.8102508119762,0.8837176575556287,54.8814983760476,63.82337986267782,2.5485049164826705,-1.6936838781092125,4.242188794591883,0.012829403606102519,0.03610220659176511,332.91
2026-04-14,324.785,333.29,323.75,332.91,27721351,GOOGL,301.6185,332.4924283376772,270.74457166232276,1.0067625288521065,61.747856675354456,69.55465341652784,4.444716439587012,-0.46600381456996764,4.910720254156979,0.03610220659176511,0.012646060496830813,337.12
2026-04-15,332.89,337.48,330.9,337.12,24918842,GOOGL,302.9285,337.2956757786412,268.56132422135875,0.9974441341969333,68.73435155728248,71.32990947066784,6.215540664929904,0.8703050813300066,5.345235583599897,0.012646060496830813,-0.003262933080208863,336.02
2026-04-16,338.75,339.88,334.52,336.02,20541487,GOOGL,304.34499999999997,341.5948587916789,267.095141208321,0.9251693969787038,74.49971758335789,70.17847486298585,7.4443569022790825,2.185115445519822,5.259241456759261,-0.003262933080208863,0.01684423546217495,341.68
2026-04-17,337.65,342.32,336.24,341.68,25581881,GOOGL,306.07250000000005,346.7276860775476,265.4173139224525,0.9379207603684383,81.31037215509514,72.62696825443624,8.773778661999586,3.502848088815775,5.270930573183811,0.01684423546217495,-0.012467806134394688,337.42
2026-04-20,340.755,341.4,336.61,337.42,18784226,GOOGL,307.8935,350.6833012498308,265.10369875016926,0.845017961495168,85.57960249966152,68.09524163923308,9.375533275319128,4.677385126116446,4.698148149202682,-0.012467806134394688,-0.015203603817201095,332.29
2026-04-21,337.685,339.34,331.35,332.29,23123795,GOOGL,309.40500000000003,353.3829542498286,265.4270457501715,0.7601871823095229,87.95590849965708,62.99745948834496,9.330918989169788,5.608091898727115,3.7228270904426735,-0.015203603817201095,0.021156218965361573,339.32
2026-04-22,337.02,339.82,335.17,339.32,20293014,GOOGL,311.84900000000005,356.76241799507153,266.93558200492856,0.8058217480020607,89.82683599014297,66.67881369041838,9.75042723803665,6.436558966589023,3.3138682714476273,0.021156218965361573,-0.0012672403630791251,338.89
2026-04-23,341.18,341.96,336.18,338.89,18650256,GOOGL,314.247,359.5563337404117,268.93766625958835,0.771941760843205,90.61866748082332,66.24467861675744,9.93368381776952,7.135983936825123,2.797699880944397,-0.0012672403630791251,0.016258963085366895,344.4
2026-04-24,338.725,345.27,335.39,344.4,26426061,GOOGL,317.421,361.8320517326487,273.00994826735126,0.8037419622756469,88.82210346529746,69.0274751049326,10.403600695705336,7.7895072886011665,2.6140934071041695,0.016258963085366895,0.01724738675958193,350.34
2026-04-27,345.98,353.18,342.73,350.34,28576887,GOOGL,321.221,363.17477356090865,279.26722643909136,0.8470367207579659,83.90754712181729,71.73292559619215,11.1270557915729,8.457016989195514,2.670038802377386,0.01724738675958193,-0.001598447222697974,349.78
2026-04-28,348.55,352.42,346.12,349.78,27824052,GOOGL,325.03499999999997,362.57960360690987,287.49039639309007,0.8295413671040305,75.0892072138198,71.10235569736602,11.522388920340063,9.070091375424425,2.4522975449156377,-0.001598447222697974,0.00045743038481327325,349.94
2026-04-29,347.565,355.79,344.21,349.94,35376328,GOOGL,328.154,362.99451228096376,293.31348771903623,0.812653267327293,69.68102456192753,71.18030651735351,11.713577110453002,9.59878852243014,2.1147885880228614,0.00045743038481327325,0.09961707721323654,384.8
2026-04-30,374.07,385.84,365.82,384.8,72039993,GOOGL,332.5245,372.39836787107544,292.65063212892454,1.1555107742371882,79.7477357421509,82.35084718298157,14.510735070108865,10.581177831965887,3.929557238142978,0.09961707721323654,0.0023128898128896846,385.69
2026-05-01,381.63,386.76,379.05,385.69,30105226,GOOGL,337.02049999999997,379.49643081970044,294.5445691802995,1.0729068093479774,84.95186163940093,82.53694970070273,16.607873242829555,11.78651691413862,4.8213563286909356,0.0023128898128896846,-0.006326324250045312,383.25
2026-05-04,385.63,387.38,379.79,383.25,26298574,GOOGL,341.1835,384.6353603859486,297.73163961405135,0.9840586758122258,86.90372077189727,80.04495645511223,17.86702282837615,13.002618096986126,4.8644047313900245,-0.006326324250045312,0.013515981735159777,388.43
2026-05-05,386.23,392.8199,384.02,388.43,23878626,GOOGL,345.332,390.16989272479213,300.49410727520785,0.9805979650351622,89.67578544958428,81.33346352602504,19.063142613879847,14.214723000364872,4.8484196135149755,0.013515981735159777,0.024740622505985632,398.04
2026-05-06,394.245,399.8499,392.76,398.04,31308476,GOOGL,349.368,397.78258110941334,300.95341889058665,1.0026584851576525,96.8291622188267,83.46640845314707,20.54963939609644,15.481706279511187,5.067933116585252,0.024740622505985632,-0.00012561551602852106,397.99
2026-05-07,399.92,400.1,392.68,397.99,24433490,GOOGL,353.343,403.96808038512097,302.71791961487907,0.9409573245154,101.2501607702419,83.41300357129664,21.476101098447373,16.680585243298424,4.795515855148949,-0.00012561551602852106,0.007060478906505185,400.8
2026-05-08,397.0,402.0,396.36,400.8,21461849,GOOGL,357.521,409.3169851339846,305.72501486601544,0.917783346412342,103.59197026796915,84.031386430013,22.181379057856873,17.780744006210114,4.400635051646759,0.007060478906505185,-0.030339321357285454,388.64
2026-05-11,393.645,397.44,388.47,388.64,30753738,GOOGL,360.8875,411.57203329172467,310.2029667082753,0.7737768131380938,101.36906658344935,71.59280122721478,21.51113952112229,18.52682310919255,2.98431641192974,-0.030339321357285454,-0.003319267188143127,387.35
2026-05-12,387.34,388.52,382.77,387.35,26017488,GOOGL,363.6095,413.83687758434087,313.3821224156592,0.7363302758553879,100.45475516868169,70.40222647350791,20.637975900932872,18.949053667540614,1.6889222333922582,-0.003319267188143127,0.03942171163030839,402.62
2026-05-13,385.595,403.7,385.0,402.62,28144555,GOOGL,366.8845,418.3034853945013,315.4655146054987,0.8474932432624538,102.83797078900261,75.57925179768512,20.93680239906439,19.34660341384537,1.590198985219022,0.03942171163030839,-0.00384978391535451,401.07
2026-05-14,397.28,402.93,395.84,401.07,21136716,GOOGL,370.137,421.5646505782632,318.7093494217368,0.8007428849284667,102.85530115652637,74.16125368118216,20.808682961428815,19.639019323362056,1.1696636380667584,-0.00384978391535451,-0.010696387164335408,396.78
2026-05-15,396.315,399.5399,393.18,396.78,20309702,GOOGL,372.89199999999994,423.82777194860137,321.9562280513985,0.7344913906881109,101.87154389720286,70.2336420886466,20.12894627426209,19.737004713542063,0.39194156072002784,-0.010696387164335408,0.0004032461313574487,396.94
2026-05-18,395.685,408.61,394.53,396.94,26837196,GOOGL,375.868,425.0923360950651,326.6436639049349,0.7140404693250149,98.4486721901302,70.2968253026319,19.379762872359265,19.665556345305504,-0.2857934729462386,0.0004032461313574487,-0.023378848188642998,387.66
2026-05-19,396.96,397.15,386.11,387.66,39545672,GOOGL,378.63649999999996,423.80705159060955,333.46594840939036,0.5998825527058202,90.34110318121918,62.067688819460365,17.83165892075607,19.298776860395616,-1.4671179396395466,-0.023378848188642998,0.0032244750554608625,388.91
2026-05-20,387.7,393.8599,382.9,388.91,30504055,GOOGL,381.116,422.68207482069863,339.54992517930134,0.5937543421362325,83.13214964139729,62.70106496857053,16.515262275816212,18.742073943479735,-2.2268116676635223,0.0032244750554608625,-0.0032141112339615363,387.66
2026-05-21,385.7,392.5,383.02,387.66,24852843,GOOGL,383.55449999999996,420.37719977880374,346.7318002211962,0.5557468630038271,73.64539955760756,61.59349309497135,15.195974166238614,18.032853988031512,-2.8368798217928983,-0.0032141112339615363,-0.01209823040808955,382.97
2026-05-22,387.345,388.74,381.7716,382.97,20442123,GOOGL,385.483,417.6464594532353,353.3195405467647,0.4609339287079208,64.32691890647061,57.49014890099714,13.615039332054096,17.149291056836027,-3.5342517247819316,-0.01209823040808955,0.015432018173747286,388.88
2026-05-26,384.51,389.2599,382.6,388.88,27747388,GOOGL,387.40999999999997,415.247683811695,359.5723161883049,0.5264030587089013,55.675367623390116,61.01469630766272,12.692711022284925,16.257975049925808,-3.5652640276408825,0.015432018173747286,-0.00012857436741409156,388.83
2026-05-27,386.665,393.88,385.9,388.83,23087287,GOOGL,389.3625,411.20025434883144,367.5247456511686,0.48780781229850856,43.67550869766285,60.96864017279413,11.821454243721803,15.370670888685007,-3.549216644963204,-0.00012857436741409156,0.0033433634236041954,390.13
2026-05-28,388.0,391.87,385.16,390.13,24357455,GOOGL,391.372,403.62052089029135,379.1234791097087,0.44930000074602977,24.497041780582663,61.776510027820805,11.107831932953275,14.518103097538662,-3.410271164585387,0.0033433634236041954,-0.025094199369441017,380.34
2026-05-29,385.24,385.24,378.46,380.34,44415846,GOOGL,391.149,404.0148507686007,378.2831492313993,0.07993450280102907,25.73170153720139,52.897108822743924,9.64117249365654,13.542716976762238,-3.901544483105697,-0.025094199369441017,-0.01043802913182934,376.37
2026-06-01,376.52,378.56,373.52,376.37,28672120,GOOGL,390.683,404.909212566945,376.456787433055,-0.0030502648771276327,28.45242513388996,49.77286142402219,8.06551427205767,12.447276435821326,-4.381762163763657,-0.01043802913182934,-0.038579057842017095,361.85
2026-06-02,366.59,373.54,358.44,361.85,50412300,GOOGL,389.613,408.4019330191979,370.8240669808021,-0.23881257577619497,37.57786603839577,40.379251207327655,5.580818921550701,11.073984932967202,-5.4931660114165,-0.038579057842017095,-0.00790382755285346,358.99
2026-06-03,362.03,366.45,358.08,358.99,55441583,GOOGL,388.141,411.19811595147814,365.0838840485219,-0.13214757780951406,46.11423190295625,38.82495086932756,3.3423730609363815,9.527662558561039,-6.185289497624657,-0.00790382755285346,0.03676982645756155,372.19
2026-06-04,358.9,373.2499,358.21,372.19,44055520,GOOGL,386.8485,410.4331817023234,363.2638182976766,0.18923684904859342,47.16936340464679,48.64952486854312,2.60350666802276,8.142831380453384,-5.5393247124306235,0.03676982645756155,-0.009833687095300858,368.53
2026-06-05,366.34,372.08,364.1207,368.53,37471206,GOOGL,385.3755,409.6622284540324,361.0887715459676,0.15319536487008614,48.57345690806483,46.42330871622038,1.7029873383266931,6.854862572028045,-5.151875233701352,-0.009833687095300858,-0.014164382818223631,363.31
2026-06-08,365.18,366.2,360.5309,363.31,27942464,GOOGL,383.50100000000003,408.51268518912536,358.4893148108747,0.09636866034163212,50.02337037825066,43.374715581136776,0.5616347314328323,5.596217003909003,-5.034582272476171,-0.014164382818223631,0.00261484682502533,364.26
2026-06-09,367.09,372.08,357.3,364.26,29535072,GOOGL,382.28200000000004,408.51941420185904,356.04458579814104,0.15655914372226631,52.47482840371799,44.09425992458518,-0.2632043164917377,4.424332739828855,-4.6875370563205925,0.00261484682502533,-0.02163289957722503,356.38
2026-06-10,363.19,368.555,355.2,356.38,32357132,GOOGL,380.7335,409.1563128622048,352.3106871377952,0.07158532974785148,56.845625724409615,39.59933580924731,-1.535050245019704,3.232456142859143,-4.767506387878847,-0.02163289957722503,0.00390033110724497,357.77
2026-06-11,355.925,358.8,346.36,357.77,35538165,GOOGL,378.491,406.72930299433585,350.2526970056641,0.13310472296872283,56.476605988671736,40.74676433777761,-2.4031340893646984,2.1053380964143753,-4.508472185779073,0.00390033110724497,0.005338625373843664,359.68
2026-06-12,362.62,366.57,354.94,359.68,24731019,GOOGL,376.42150000000004,403.79080636680294,349.05219363319713,0.19415556653809968,54.738612733605805,42.36692822307067,-2.9035059436023403,1.1035692884110322,-4.0070752320133725,0.005338625373843664,0.026885008896797125,369.35
2026-06-15,367.93,372.99,366.55,369.35,27727493,GOOGL,375.05,400.9085073041721,349.19149269582795,0.38978482143320897,51.71701460834413,49.844239886503914,-2.491050775912697,0.3846452755462863,-2.8756960514589833,0.026885008896797125,0.010559090293759343,373.25
2026-06-16,369.6,376.0,367.06,373.25,24876095,GOOGL,373.8655,397.6953933904439,350.0356066095561,0.48708554860243686,47.65978678088777,52.51976709763129,-1.8284029861170552,-0.057964376786382,-1.7704386093306732,0.010559090293759343,-0.025344943067649006,363.79
2026-06-17,369.125,372.33,362.02,363.79,24543644,GOOGL,372.672,396.0046283131568,349.33937168684326,0.3096656775912459,46.66525662631352,46.09634761726331,-2.043041863215933,-0.45497987407229223,-1.588061989143641,-0.025344943067649006,0.011655075730503839,368.03
2026-06-18,365.75,369.48,358.67,368.03,44470070,GOOGL,371.62800000000004,393.800661184439,349.4553388155611,0.4188640468081208,44.34532236887787,49.10111701843722,-1.8496900790260042,-0.7339219150630347,-1.1157681639629695,0.011655075730503839,-0.04986006575550894,349.68
2026-06-22,357.945,358.92,341.7219,349.68,52814764,GOOGL,369.729,392.57938371668905,346.8786162833109,0.06129839549790715,45.70076743337813,38.975165967852426,-3.1409422130193434,-1.2153259746542966,-1.9256162383650468,-0.04986006575550894,-0.010152139098604462,346.13
2026-06-23,340.69,349.29,340.2,346.13,34007652,GOOGL,367.887,392.0714148988544,343.7025851011456,0.05018552048925922,48.36882979770883,37.369558475744476,-4.40000366030165,-1.8522615117837673,-2.5477421485178824,-0.010152139098604462,-0.002426833848553911,345.29
2026-06-24,349.035,353.476,341.93,345.29,44997277,GOOGL,365.7075,389.7879633468697,341.6270366531303,0.07605674554733792,48.160926693739384,36.98134577421985,-5.403313869308533,-2.5624719832887206,-2.840841886019813,-0.002426833848553911,-0.004575863766688948,343.71
2026-06-25,336.73,345.57,335.84,343.71,44564576,GOOGL,363.4515,386.88989949740466,340.01310050259536,0.07886416258529036,46.87679899480929,36.219174105685454,-6.2538467809885105,-3.3007469428286784,-2.953099838159832,-0.004575863766688948,-0.0183875941927788,337.39
2026-06-26,342.55,346.36,330.2,337.39,114706326,GOOGL,360.8145,383.50889091493633,338.1201090850637,-0.016085672618408563,45.38878182987264,33.26583576487718,-7.353109355313336,-4.11121942532561,-3.2418899299877264,-0.0183875941927788,0.04819348528409262,353.65
2026-06-29,341.825,354.35,340.67,353.65,34213932,GOOGL,359.47999999999996,380.5021026541101,338.4578973458898,0.3613364206253619,42.044205308220285,45.56420151175085,-6.833464826874888,-4.655668505635465,-2.1777963212394225,0.04819348528409262,0.01051887459352474,357.37
2026-06-30,353.865,358.62,350.4,357.37,35237231,GOOGL,358.53000000000003,378.0787800130839,338.9812199869162,0.470330629348132,39.097560026167685,47.92852106257474,-6.051709543034178,-4.934876713115209,-1.1168328299189696,0.01051887459352474,0.0107451660743767,361.21
2026-07-01,358.37,362.97,356.43,361.21,26736445,GOOGL,358.49799999999993,378.02702209533146,338.9689779046684,0.5694351203752378,39.058044190663054,50.32688949729648,-5.063933072298255,-4.960687984951818,-0.103245087346437,0.0107451660743767,-0.0035990144237423305,359.91
2026-07-02,359.48,364.205,353.42,359.91,25999346,GOOGL,358.544,378.0817730563119,339.0062269436881,0.5349579247354074,39.07554611262378,49.49573722665756,-4.3360291926925925,-4.835756226499973,0.4997270338073809,-0.0035990144237423305,0.018198994192992535,366.46
2026-07-06,361.55,367.93,357.3805,366.46,26915808,GOOGL,358.25750000000005,377.1436376411364,339.3713623588637,0.7171566297953336,37.772275282272744,53.64928820720418,-3.1938135697230337,-4.507367695144586,1.3135541254215521,0.018198994192992535,0.001555422147028196,367.03
2026-07-07,369.07,373.16,365.5,367.03,24045581,GOOGL,358.1825,376.9161647509223,339.4488352490777,0.7361390608200243,37.467329501844574,54.0038008227098,-2.2170484683112477,-4.049303849777918,1.8322553814666707,0.001555422147028196,-0.013922567637522754,361.92
2026-07-08,364.76,367.84,358.02,361.92,22094769,GOOGL,358.113,376.7802548597791,339.4457451402209,0.6019700011757664,37.33450971955824,50.29024652034719,-1.8341464832357701,-3.606272376469489,1.772125893233719,-0.013922567637522754,-0.00837201591511949,358.89
2026-07-09,354.31,359.65,351.08,358.89,24729093,GOOGL,357.8445,376.30368901252024,339.3853109874797,0.5283192289566696,36.91837802504051,48.17484790387817,-1.754959497968855,-3.2360098007693625,1.4810503028005075,-0.00837201591511949,-0.004764691130987209,357.18
2026-07-10,357.525,357.82,352.75,357.18,18146146,GOOGL,357.8845,376.3342864215266,339.4347135784734,0.48090763806409137,36.89957284305319,46.97395644098405,-1.8093291306176411,-2.9506736667390183,1.1413445361213772,-0.004764691130987209,-0.013074640237415336,352.51
2026-07-13,356.19,358.13,351.75,352.51,15901732,GOOGL,357.6215,376.21968192727314,339.0233180727269,0.36258065385132277,37.196363854546235,43.76533063141633,-2.203842898298376,-2.8013075130508898,0.5974646147525138,-0.013074640237415336,0.019857592692405834,359.51
2026-07-14,351.195,360.16,351.09,359.51,18259355,GOOGL,357.613,376.20756598041345,339.01843401958655,0.5510095261701239,37.1891319608269,49.35011301766717,-1.9294153043354072,-2.626929071307793,0.6975137669723859,0.019857592692405834,0.03173764290283998,370.92
2026-07-15,357.97,373.65,357.76,370.92,28284564,GOOGL,357.6915,376.4956764243997,338.88732357560036,0.8517436685723483,37.60835284879931,56.869152848066605,-0.7822208611526662,-2.257987429276768,1.4757665681241017,0.03173764290283998,-0.04437614579963345,354.46
2026-07-16,373.06,375.27,352.3001,354.46,41158466,GOOGL,356.75199999999995,374.18018246404216,339.32381753595774,0.43424443413050035,34.85636492808442,46.21147466553862,-1.1875560311815434,-2.043901149657723,0.8563451184761797,-0.04437614579963345,-0.021694972634429877,346.77
2026-07-17,346.0,348.52,341.36,346.77,29959283,GOOGL,355.90099999999995,373.53239574735784,338.26960425264207,0.24105850351160435,35.26279149471577,42.22963001586672,-2.1050402124727725,-2.056128962220733,-0.04891125025203946,-0.021694972634429877,0.015053205294575767,351.99
2026-07-20,350.88,359.68,350.52,351.99,24736644,GOOGL,355.099,371.88976996447605,338.30823003552393,0.4074193736625051,33.58153992895211,45.65288927581443,-2.383467531575832,-2.121596676091753,-0.26187085548407874,0.015053205294575767,-0.013750390636097731,347.15
2026-07-21,351.32,351.32,347.0,347.15,23369833,GOOGL,354.97249999999997,371.96161872346386,337.9833812765361,0.26977911193250315,33.97823744692778,43.10255449197476,-2.960543436496266,-2.2893860281726557,-0.6711574083236105,-0.013750390636097731,-0.014575831773008807,342.09
2026-07-22,348.155,349.94,341.73,342.09,39334140,GOOGL,354.77049999999997,372.26394845935044,337.2770515406495,0.13756431359243798,34.98689691870095,40.55201969148601,-3.7825767701347672,-2.588024176565078,-1.1945525935696892,-0.014575831773008807,-0.07132625917156299,317.69
2026-07-23,321.13,324.49,314.9,317.69,69419700,GOOGL,353.39050000000003,376.9578473051159,329.8231526948842,-0.2574144755835631,47.13469461023169,31.01984722571423,-6.329952438710393,-3.336409828994141,-2.993542609716252,-0.07132625917156299,0.006452831376499102,319.74
2026-07-24,318.42,324.18,317.32,319.74,31806553,GOOGL,352.192,379.71295681476124,324.6710431852388,-0.08958705938948192,55.04191362952247,32.456370006733636,-8.090090612794313,-4.287145985754176,-3.8029446270401372,0.006452831376499102,0.021329830487270884,326.56
2026-07-27,325.04,330.42,324.45,326.56,28471593,GOOGL,351.6505,380.6989116433232,322.60208835667686,0.06812612840800329,58.09682328664633,37.14597895041293,-8.832875898896589,-5.196291968382659,-3.63658393051393,0.021329830487270884,0.021894904458598763,333.71
2026-07-28,327.9,335.88,324.44,333.71,29511940,GOOGL,350.6535,380.7102278824551,320.5967721175449,0.21814130822453248,60.11345576491021,41.714924145566194,-8.743800258106205,-5.905793626327369,-2.8380066317788364,0.021894904458598763,0.008989841479128513,336.71
2026-07-29,334.665,342.5,331.62,336.71,27501632,GOOGL,349.6205,380.10000949408396,319.140990505916,0.2882101744041202,60.95901898816794,43.56847524447857,-8.335050963947197,-6.391645093851334,-1.9434058700958623,0.008989841479128513,-0.009058240028511078,333.66
2026-07-30,334.195,336.51,330.34,333.66,30168000,GOOGL,348.24300000000005,378.99189728104017,317.49410271895994,0.2628695450976065,61.49779456208023,42.102527031023534,-8.163124297994159,-6.7459409346799,-1.4171833633142592,-0.009058240028511078,0.06734400287718034,356.13
2026-07-31,340.83,358.58,340.0,356.13,46498023,GOOGL,348.054,378.55922866657374,317.5487713334262,0.6323707500814333,61.01045733314754,54.301785114667254,-6.142918228680628,-6.625336393480046,0.4824181647994177,0.06734400287718034,0.048802403616656775,373.51
2026-08-03,365.445,376.6932,363.35,373.51,38669652,GOOGL,348.40649999999994,379.9012197320432,316.91178026795666,0.8985350594255219,62.98943946408656,61.12482019724422,-3.1036921831650375,-5.921007551417044,2.8173153682520065,0.048802403616656775,0.011084040587935995,377.65
2026-08-04,368.22,380.52,367.5,377.65,35705703,GOOGL,348.9375,381.9898680694736,315.8851319305264,0.9343486061217834,66.10473613894715,62.55886470397131,-0.3569060542492366,-4.808187251983483,4.451281197734247,0.011084040587935995,-0.04030186680789083,362.43
2026-08-05,383.34,384.48,356.77,362.43,46926339,GOOGL,348.96299999999997,382.056154639592,315.8698453604079,0.7034710825647362,66.18630927918412,54.586703335757846,0.5850706114739523,-3.7295356792919963,4.314606290765949,-0.04030186680789083,-0.012912838341196942,357.75
2026-08-06,360.77,364.1259,356.88,357.75,25235895,GOOGL,348.906,381.93442860324956,315.87757139675045,0.6338846620019013,66.0568572064991,52.376464108918846,0.9430857129781316,-2.795011400837971,3.7380971138161025,-0.012912838341196942,-0.009643605870020888,354.3
2026-08-07,356.72,358.9,353.78,354.3,19859905,GOOGL,348.762,381.6697708755843,315.8542291244157,0.5841442591316462,65.81554175116855,50.745269037902204,0.937620784379078,-2.0484849637945612,2.9861057481736393,-0.009643605870020888,0.009088343211967276,357.52
2026-08-10,355.175,357.61,352.71,357.52,18991368,GOOGL,349.0125,382.10632714344104,315.91867285655894,0.6285360554269729,66.1876542868821,52.24030863653935,1.179520104885512,-1.4028839500585466,2.5824040549440586,0.009088343211967276,-0.03837547549787412,343.8
2026-08-11,355.89,356.81,343.39,343.8,29081802,GOOGL,348.227,381.03138818207026,315.4226118179297,0.43252427121290427,65.60877636414057,45.85380650248563,0.2611276055115468,-1.070081638944528,1.3312092444560748,-0.03837547549787412,-0.0007562536358347582,343.54
2026-08-12,346.31,346.48,340.88,343.54,25011987,GOOGL,346.858,378.00331078669717,315.71268921330284,0.44673355448716257,62.29062157339433,45.739688424266156,-0.48212723138277624,-0.9524907574321777,0.47036352604940146,-0.0007562536358347582,0.008208651103219333,346.36
2026-08-13,345.77,347.93,343.76,346.36,17866072,GOOGL,346.45300000000003,377.402407167181,315.50359283281904,0.49849754795790346,61.89881433436199,47.272458528268736,-0.833997804660271,-0.9287921668777964,0.09479436221752546,0.008208651103219333,-0.0013280979327867648,345.9
2026-08-14,346.8,350.45,344.5,345.9,17808598,GOOGL,346.4095,377.3594482875166,315.45955171248335,0.4917689684766694,61.89989657503327,47.039033973688475,-1.1368707859499523,-0.9704078906922277,-0.16646289525772462,-0.0013280979327867648,-0.005492917028042776,344.0
2026-08-17,346.265,347.25,341.93,344.0,18291309,GOOGL,346.01,376.86763503575656,315.1523649642434,0.4674310750374926,61.715270071513146,46.0280565898841,-1.512775591393961,-1.0788814308325745,-0.4338941605613864,-0.005492917028042776,0.0005813953488371659,344.2
2026-08-18,342.405,344.8699,340.19,344.2,19248828,GOOGL,345.8625,376.7251297486127,314.99987025138734,0.47306613186332974,61.72525949722535,46.159232885740195,-1.774093879518034,-1.2179239205696664,-0.5561699589483677,0.0005813953488371659,0.0015107495642070479,344.72
2026-08-19,342.455,346.73,340.66,344.72,19733808,GOOGL,345.994,376.8135953250518,315.1744046749483,0.4793313314700724,61.6391906501035,46.52315722084016,-1.9171313544924828,-1.3577654073542296,-0.5593659471382533,0.0015107495642070479,-0.011748665583662166,340.67
2026-08-20,343.06,343.9,338.5651,340.67,18570357,GOOGL,347.143,375.25015858993845,319.0358414100615,0.38485139863413487,56.21431717987696,44.02709040496409,-2.3304270245780003,-1.5522977307989838,-0.7781292937790165,-0.011748665583662166,0.012181876889658438,344.82
2026-08-21,342.575,346.2,340.4,344.82,20849776,GOOGL,348.39700000000005,373.5885994728393,323.2054005271608,0.4290041109962736,50.38319894567849,47.155778624343455,-2.296622469521594,-1.701162678543506,-0.5954597909780883,0.012181876889658438,0.009396206716547839,348.06
2026-08-24,343.615,351.6,342.49,348.06,26338229,GOOGL,349.472,372.5944130228649,326.34958697713506,0.4694668545492267,46.24482604572984,49.52779810968364,-1.9855035449671732,-1.7580308518282395,-0.2274726931389337,0.009396206716547839,-0.0031603746480493022,346.96
2026-08-25,349.64,350.16,345.6,346.96,20649680,GOOGL,350.1345,372.1450488118755,328.1239511881245,0.427886850365874,44.02109762375096,48.72808819583114,-1.806871868521796,-1.7677990551669507,-0.03907281335484525,-0.0031603746480493022,-0.014295596034124891,342.0
2026-08-26,346.62,346.88,340.18,342.0,20420257,GOOGL,350.399,371.8786414308981,328.9193585691019,0.3044892875185945,42.95928286179617,45.18523104929104,-2.041996659129836,-1.822638575959528,-0.21935808317030814,-0.014295596034124891,-0.003947368421052699,340.65
2026-08-27,339.67,341.69,338.52,340.65,23391389,GOOGL,350.7485,371.33626750888624,330.1607324911137,0.2547451418508295,41.17553501777252,44.242366316865855,-2.310632929160363,-1.9202374465996952,-0.3903954825606677,-0.003947368421052699,0.017437252311756968,346.59
2026-08-28,340.705,349.14,340.27,346.59,25347206,GOOGL,350.27149999999995,370.78034128857485,329.76265871142505,0.4102460263795871,41.0176825771498,49.25938765292356,-2.0209247882536374,-1.9403749149304836,-0.08054987332315378,0.017437252311756968,-0.020889235119305072,339.35
2026-08-31,343.825,344.59,337.156,339.35,33493632,GOOGL,348.56350000000003,366.5855357063222,330.54146429367785,0.24438237305323154,36.04407141264437,44.05602893607315,-2.348464851209883,-2.021992902186364,-0.32647194902351906,-0.020889235119305072,-0.012759687638131845,335.02
2026-09-01,336.0,337.2,333.05,335.02,23342665,GOOGL,346.43199999999996,359.62673319169244,333.2372668083075,0.06755472679110044,26.389466383384956,41.24963349685905,-2.92373453185985,-2.2023412281210613,-0.7213933037387887,-0.012759687638131845,0.006268282490597743,337.12
2026-09-02,334.06,340.0,332.82,337.12,22582286,GOOGL,345.1665,356.7358772952545,333.59712270474546,0.15225008249577715,23.138754590509052,43.14135038072312,-3.1736041160515924,-2.396593805707168,-0.7770103103444246,0.006268282490597743,0.015899383009017498,342.48
2026-09-03,340.56,344.68,340.06,342.48,20726904,GOOGL,344.403,354.4674584553741,334.3385415446259,0.4044657987050868,20.128916910748217,47.76453467381632,-2.905626108041588,-2.498400266174052,-0.4072258418675361,0.015899383009017498,-0.011737911702873305,338.46
2026-09-04,342.465,343.53,337.09,338.46,23189321,GOOGL,343.611,352.89851829069266,334.3234817093073,0.22269233616681022,18.575036581385348,44.82098093575436,-2.983243040705645,-2.5953688210803705,-0.38787421962527446,-0.011737911702873305,-0.0002954558884357139,338.36
2026-09-08,335.42,339.68,333.22,338.36,22915839,GOOGL,342.65299999999996,349.68218800431106,335.62381199568887,0.19463044683347527,14.05837600862219,44.747107208374615,-3.0180341641238897,-2.6799018896890745,-0.3381322744348152,-0.0002954558884357139,-0.022786381368956277,330.65
2026-09-09,331.65,331.85,327.9,330.65,33151627,GOOGL,341.99550000000005,350.7265674605086,333.2644325394915,-0.14972009730292782,17.462134921017082,39.36057620149451,-3.625941350116875,-2.8691097817746347,-0.7568315683422404,-0.022786381368956277,0.005897474671102465,332.6
2026-09-10,328.225,333.23,327.74,332.6,23557551,GOOGL,341.44849999999997,351.05124393077057,331.84575606922937,0.039272313008045054,19.2054878615412,41.285675711801716,-3.905345084440512,-3.0763568423078103,-0.8289882421327017,0.005897474671102465,0.017739025856885027,338.5
2026-09-11,335.03,342.98,335.03,338.5,24708293,GOOGL,341.0555,350.4634253292079,331.6475746707921,0.3641836584275294,18.815850658415798,46.78987879703149,-3.6090905163528078,-3.18290357711681,-0.4261869392359978,0.017739025856885027,0.032171344165435656,349.39
2026-09-14,343.12,349.91,342.1361,349.39,35905445,GOOGL,341.23,351.10857277140536,331.3514272285947,0.9130151282389708,19.75714554281069,55.14774178591074,-2.4671350511405876,-3.0397498719215656,0.572614820780978,0.032171344165435656,-0.012621998339963802,344.98
2026-09-15,346.8,348.07,342.7,344.98,21928572,GOOGL,341.279,351.221560837126,331.336439162874,0.6861190522556478,19.88512167425199,51.61225493681208,-1.8961199709755192,-2.811023891732357,0.9149039207568377,-0.012621998339963802,-0.006116296596904158,342.87
2026-09-16,347.08,348.4,340.64,342.87,18928864,GOOGL,341.2125,351.0936251889626,331.33137481103734,0.5838720271377332,19.762250377925284,49.96185721390281,-1.5954543671883243,-2.5679099868235506,0.9724556196352263,-0.006116296596904158,0.013007845539125595,347.33
2026-09-17,348.675,349.5,343.8857,347.33,19238355,GOOGL,341.343,351.47180861700684,331.2141913829932,0.7955431495638818,20.25761723401365,53.35700947929443,-0.9859248557631872,-2.251512960611478,1.2655881048482907,0.013007845539125595,0.006362824979126547,349.54
2026-09-18,357.305,359.44,348.445,349.54,47631754,GOOGL,341.78650000000005,352.5174631906904,331.0555368093097,0.8612676635927009,21.46192638138075,54.98682996238662,-0.3208413370595622,-1.8653786359010949,1.5445372988415327,0.006362824979126547,0.0155347027521886,354.97
2026-09-21,350.64,357.61,349.1,354.97,30455384,GOOGL,342.294,354.420164109064,330.167835890936,1.022671468322165,24.252328218128014,58.796438730175126,0.6370541985294267,-1.3648920690149906,2.001946267544417,0.0155347027521886,-0.010733301405752571,351.16
2026-09-22,357.65,364.17,350.22,351.16,29788597,GOOGL,342.449,354.93978043998663,329.9582195600134,0.8486971867711951,24.981560879973244,55.26233081796744,1.0763506529250435,-0.8766435246269839,1.9529941775520274,-0.010733301405752571,-0.037959904317120485,337.83
2026-09-23,349.86,350.0,337.45,337.83,35576229,GOOGL,341.9925,354.45778118415114,329.52721881584887,0.33303625732516995,24.930562368302276,45.05788462176881,0.3449008590421272,-0.6323346478931617,0.9772355069352889,-0.037959904317120485,0.013409111091377435,342.36
2026-09-24,336.22,343.09,336.0201,342.36,23777195,GOOGL,342.0105,354.4768121651895,329.5441878348105,0.5140177782879514,24.932624330378985,48.53579394675413,0.12926468595384222,-0.48001478112376095,0.6092794670776032,0.013409111091377435,0.004556607080266284,343.92
