date,Open,High,Low,Close,Volume,symbol,Bollinger_Middle,Bollinger_Upper,Bollinger_Lower,Bollinger_%B,Bollinger_Width,RSI_14,MACD,MACD_Signal,MACD_Diff,Return,Return_next,Close_next
2025-11-08,103371.703125,103373.5625,101458.0390625,102282.1171875,51446691095,BTC-USD,108432.703515625,116318.79142610992,100546.61560514009,0.11003564771656177,15772.175820969831,35.33885459250648,-3354.8702580554964,-2821.464408318467,-533.4058497370293,-0.010547196317199026,0.02383137448193029,104719.640625
2025-11-09,102278.984375,105418.3671875,101468.875,104719.640625,59679243013,BTC-USD,108139.2390625,116118.80057526473,100159.67754973526,0.28572767237712626,15959.123025529465,41.24854765666392,-3194.5242293626507,-2896.076372527304,-298.44785683534656,0.02383137448193029,0.012194017448672767,105996.59375
2025-11-10,104723.7734375,106564.6953125,104350.6484375,105996.59375,69585887229,BTC-USD,108015.22421875,116046.86584930216,99983.58258819782,0.3743326357421643,16063.283261104341,44.12936660597407,-2930.6269578299252,-2902.986489587828,-27.640468242097086,0.012194017448672767,-0.028294541304540788,102997.46875
2025-11-11,105996.859375,107428.2578125,102457.328125,102997.46875,71130078574,BTC-USD,107780.668359375,116105.41682118626,99455.91989756376,0.21271206383488103,16649.4969236225,39.260204726997046,-2929.7188167962595,-2908.332955029515,-21.38586176674471,-0.028294541304540788,-0.012954505253314763,101663.1875
2025-11-12,103011.4375,105297.234375,100836.6171875,101663.1875,64347179408,BTC-USD,107360.34140625,116022.41361120422,98698.26920129577,0.17114370721872194,17324.144409908447,37.28894385490197,-3002.0585915784613,-2927.0780823393043,-74.98050923915707,-0.012954505253314763,-0.01933536967351135,99697.4921875
2025-11-13,101674.1484375,104005.4921875,97988.71875,99697.4921875,101546815416,BTC-USD,106793.519921875,115892.48477734221,97694.5550664078,0.11006401018730784,18197.929710934404,34.537645013282486,-3181.3311626576324,-2977.92869840297,-203.4024642546624,-0.01933536967351135,-0.053157837862490065,94397.7890625
2025-11-14,99694.703125,99804.4296875,94000.734375,94397.7890625,114346441890,BTC-USD,105931.323046875,116219.54129969023,95643.10479405976,-0.06052144797856517,20576.436505630467,28.444101395586785,-3708.300735011304,-3124.003105724637,-584.297629286667,-0.053157837862490065,0.012196889211437911,95549.1484375
2025-11-15,94420.46875,96728.46875,94420.46875,95549.1484375,38500716654,BTC-USD,104985.158203125,115436.6786276377,94533.6377786123,0.048581958300820315,20903.04084902539,31.280713094094494,-3987.0624642341427,-3296.614977426538,-690.4474868076045,0.012196889211437911,-0.01435983820826503,94177.078125
2025-11-16,95556.8671875,96564.1875,92971.1640625,94177.078125,71086235862,BTC-USD,103988.045703125,114567.9158722753,93408.17553397469,0.036337997476913436,21159.740338300617,29.766349449331642,-4269.481821582711,-3491.188346257773,-778.2934753249378,-0.01435983820826503,-0.02212006537551514,92093.875
2025-11-17,94180.875,95928.3671875,91214.7578125,92093.875,94186165724,BTC-USD,102944.93125,113889.79907507067,92000.06342492932,0.004285642210122927,21889.735650141345,27.582945434777926,-4608.27693122522,-3714.6060632512626,-893.6708679739577,-0.02212006537551514,0.009284005043766586,92948.875
2025-11-18,92094.53125,93745.078125,89300.4609375,92948.875,101333569062,BTC-USD,102089.609765625,113347.34392344847,90831.87560780154,0.09402422203793412,22515.468315646925,29.85705662020426,-4752.993590560829,-3922.283568713176,-830.710021847653,0.009284005043766586,-0.015953746750565823,91465.9921875
2025-11-19,92946.1640625,92946.1640625,88526.828125,91465.9921875,80350354656,BTC-USD,101247.63203125,113026.66202557468,89468.60203692532,0.08478585042813586,23558.05998864936,28.20285186818718,-4930.503065503988,-4123.927468071339,-806.5755974326494,-0.015953746750565823,-0.05285126891851111,86631.8984375
2025-11-20,91459.3515625,93025.0703125,86040.796875,86631.8984375,97970645638,BTC-USD,100101.41875,112845.35538106413,87357.48211893586,-0.028467800117084996,25487.87326212827,23.610453784475,-5399.015083587612,-4378.944991174594,-1020.0700924130178,-0.05285126891851111,-0.017790340109098413,85090.6875
2025-11-21,86528.7734375,87380.8046875,80659.8125,85090.6875,129157506112,BTC-USD,98852.75234375,112320.67693937285,85384.82774812717,-0.010920028770533904,26935.84919124568,22.360320762441276,-5827.501268455555,-4668.656246630786,-1158.845021824769,-0.017790340109098413,-0.0051983141515926645,84648.359375
2025-11-22,85098.5625,85503.0078125,83490.8984375,84648.359375,40793099246,BTC-USD,97553.1890625,111235.16320897074,83871.21491602925,0.028400304321990595,27363.948292941495,22.000283602127396,-6132.084981460852,-4961.3419935967995,-1170.7429878640523,-0.0051983141515926645,0.025477734635657168,86805.0078125
2025-11-23,84648.609375,88038.46875,84641.7734375,86805.0078125,58083435576,BTC-USD,96566.06328125,110358.22834621964,82773.89821628036,0.14613766501599346,27584.330129939277,28.080711780186363,-6128.797303115018,-5194.833055500443,-933.9642476145746,0.025477734635657168,0.01688329653360121,88270.5625
2025-11-24,86798.7734375,89206.3359375,85272.1953125,88270.5625,74433896110,BTC-USD,95900.065234375,109941.56195857072,81858.56851017928,0.22832302409656383,28082.99344839144,31.962204112098192,-5939.467297395458,-5343.759903879446,-595.7073935160124,0.01688329653360121,-0.010520742688141405,87341.890625
2025-11-25,88269.9609375,88457.3359375,86131.4296875,87341.890625,64837343545,BTC-USD,95072.56796875,109083.25724843128,81061.8786890687,0.22411502427074562,28021.37855936258,30.826859804446755,-5797.527672716096,-5434.513457646776,-363.01421506932,-0.010520742688141405,0.03636830551491177,90518.3671875
2025-11-26,87345.5859375,90581.15625,86316.8984375,90518.3671875,66496301869,BTC-USD,94533.421875,108372.69409967262,80694.14965032738,0.3549398182824249,27678.544449345238,38.83060243784915,-5366.858580899308,-5420.982482297282,54.123901397973896,0.03636830551491177,0.008473504729832548,91285.375
2025-11-27,90517.765625,91897.578125,90089.515625,91285.375,57040622845,BTC-USD,93929.0703125,107216.24176500828,80641.89885999172,0.40051700160755666,26574.342905016558,40.617313318085465,-4907.093186816084,-5318.204623201043,411.11143638495923,0.008473504729832548,-0.004010602738938163,90919.265625
2025-11-28,91285.3828125,92969.0859375,90257.1171875,90919.265625,60895830289,BTC-USD,93360.927734375,106132.57162559852,80589.28384315148,0.4044108131196457,25543.287782447034,40.01647904482044,-4520.162150861244,-5158.596128733085,638.4339778718404,-0.004010602738938163,-0.0007425028351905061,90851.7578125
2025-11-29,90918.7421875,91187.6171875,90260.1875,90851.7578125,37921773455,BTC-USD,92667.53359375,104357.13670849487,80977.93047900514,0.4223337283812635,23379.206229489733,39.89927667414576,-4170.884473536382,-4961.053797693745,790.169324157363,-0.0007425028351905061,-0.005035073877646679,90394.3125
2025-11-30,90838.2109375,91965.046875,90394.3125,90394.3125,38497902869,BTC-USD,91887.41953125,101873.07159191382,81901.76747058617,0.4252373794831213,19971.304121327645,39.06435071756142,-3886.193788611912,-4746.081795877379,859.8880072654665,-0.005035073877646679,-0.045055292472078956,86321.5703125
2025-12-01,90389.109375,90398.15625,83862.25,86321.5703125,87962894424,BTC-USD,91053.624609375,99910.34454207151,82196.90467667847,0.2328551465534334,17713.43986539304,32.53629993483362,-3943.7495371626865,-4585.61534413444,641.865806971754,-0.045055292472078956,0.05825464938016567,91350.203125
2025-12-02,86322.5390625,92316.6328125,86202.1953125,91350.203125,78546798211,BTC-USD,90537.975390625,97946.27737665354,83129.67340459645,0.5548187517130645,14816.603972057084,44.80157491980704,-3542.755559820289,-4377.04338727161,834.2878274513214,0.05825464938016567,0.023837949867722363,93527.8046875
2025-12-03,91345.09375,94060.7734375,91056.390625,93527.8046875,77650204986,BTC-USD,90229.491015625,96515.24905520632,83943.73297604367,0.7623640339880703,12571.516079162655,49.115804236616256,-3014.50140096432,-4104.534990010152,1090.0335890458318,0.023837949867722363,-0.014821043775501641,92141.625
2025-12-04,93454.2578125,94038.2421875,90976.1015625,92141.625,64538402681,BTC-USD,90116.6828125,96176.06899615888,84057.29662884113,0.6670913625674593,12118.772367317753,46.61801324775585,-2676.852204271301,-3818.998432862382,1142.1462285910807,-0.014821043775501641,-0.029887330373216225,89387.7578125
2025-12-05,92133.6484375,92702.640625,88152.140625,89387.7578125,63256398633,BTC-USD,89808.61328125,95334.95595576281,84282.27060673719,0.46192278568871936,11052.685349025618,42.043528954927424,-2601.488510089941,-3575.496448307894,974.0079382179529,-0.029887330373216225,-0.0012908122468182626,89272.375
2025-12-06,89389.359375,90267.4609375,88951.6640625,89272.375,37994042405,BTC-USD,89563.378125,94715.14631750801,84411.60993249199,0.47175696633408354,10303.536385016021,41.858196403770016,-2522.0006149610563,-3364.797281638527,842.7966666774705,-0.0012908122468182626,0.012694471554050235,90405.640625
2025-12-07,89277.8125,91740.84375,87799.5625,90405.640625,47394898960,BTC-USD,89478.96640625,94516.16925040787,84441.76356209212,0.5919830159137585,10074.405688315746,44.4483458106977,-2340.580070458818,-3159.9538394025853,819.3737689437671,0.012694471554050235,0.0025945560296725123,90640.203125
2025-12-08,90424.5859375,92267.1171875,89644.890625,90640.203125,57394099056,BTC-USD,89363.5328125,94178.2761959553,84548.78942904469,0.6325792685947679,9629.486766910617,44.99454820806243,-2153.056651598541,-2958.5744018417763,805.5177502432352,0.0025945560296725123,0.022633530616329445,92691.7109375
2025-12-09,90639.703125,94601.5703125,89586.9765625,92691.7109375,66861721440,BTC-USD,89424.81875,94374.3658833877,84475.27161661231,0.8300193027219428,9899.094266775384,49.65680958967211,-1817.9472910772602,-2730.448979688873,912.5016886116127,0.022633530616329445,-0.007236522211271801,92020.9453125
2025-12-10,92695.234375,94477.15625,91640.1328125,92020.9453125,65420694513,BTC-USD,89694.27109375,94592.79050421734,84795.75168328265,0.7374874960971145,9797.038820934686,48.21774565338985,-1588.188243192184,-2501.9968323895355,913.8085891973515,-0.007236522211271801,0.005329119618741718,92511.3359375
2025-12-11,92011.3046875,93554.265625,89335.296875,92511.3359375,64532834621,BTC-USD,90065.303515625,94625.2823169184,85505.3247143316,0.7682065562652622,9119.957602586801,49.37290092416676,-1350.9591017643688,-2271.789286264502,920.8301845001333,0.005329119618741718,-0.024223213861206738,90270.4140625
2025-12-12,92513.6640625,92747.9296875,89532.6015625,90270.4140625,80275884583,BTC-USD,90346.40625,94169.63642642286,86523.17607357714,0.49006178231582426,7646.460352845723,44.48885357592358,-1328.4632675771718,-2083.124082527036,754.6608149498643,-0.024223213861206738,0.00031346787642294593,90298.7109375
2025-12-13,90257.796875,90647.5703125,89800.9921875,90298.7109375,64237748110,BTC-USD,90521.09140625,93983.34266180547,87058.84015069452,0.4678849898035034,6924.502511110943,44.56342699223927,-1293.4418431561353,-1925.187634652856,631.7457914967208,0.00031346787642294593,-0.023516739363752315,88175.1796875
2025-12-14,90296.4375,90498.109375,87634.9375,88175.1796875,50465972205,BTC-USD,90516.322265625,93991.20025839635,87041.44427285365,0.16313312539387181,6949.755985542695,40.19902970908813,-1420.661831508245,-1824.282474023934,403.6206425156888,-0.023516739363752315,-0.019908078936967,86419.78125
2025-12-15,88171.078125,89983.921875,85304.078125,86419.78125,45559514323,BTC-USD,90470.216796875,94131.80123779553,86808.63235595447,-0.053098748947151254,7323.168881841062,36.97529648709108,-1644.1775173224742,-1788.261482683642,144.08396536116788,-0.019908078936967,0.01648005936140917,87843.984375
2025-12-16,86424.40625,88170.09375,85381.6875,87843.984375,41262178223,BTC-USD,90336.49765625,94172.46338060565,86500.53193189434,0.17511267561330054,7671.931448711315,41.10219282782416,-1686.9479333612835,-1767.9987728191704,81.05083945788692,0.01648005936140917,-0.01935507109105894,86143.7578125
2025-12-17,87847.6171875,90264.5703125,85316.265625,86143.7578125,44243392914,BTC-USD,90079.416796875,94296.76319030546,85862.07040344454,0.033396285575955934,8434.69278686092,37.91069847031288,-1836.8636496781837,-1781.771748190973,-55.091901487210635,-0.01935507109105894,-0.007908292107279613,85462.5078125
2025-12-18,86144.3671875,89412.6640625,84436.3125,85462.5078125,52667115348,BTC-USD,89806.57890625,94455.27216856771,85157.88564393228,0.032764279269292894,9297.386524635425,36.68166822978122,-1987.730793234965,-1822.9635571997717,-164.76723603519326,-0.007908292107279613,0.03090097713717843,88103.3828125
2025-12-19,85476.1328125,89339.1171875,85107.6640625,88103.3828125,46733310561,BTC-USD,89669.16015625,94348.5307328608,84989.7895796392,0.33269359435045337,9358.741153221607,44.22963964822313,-1872.6112527938676,-1832.893096318591,-39.7181564752766,0.03090097713717843,0.002731077738661547,88344.0
2025-12-20,88101.671875,88497.203125,87924.875,88344.0,14688196659,BTC-USD,89566.64453125,94267.76268370987,84865.52637879013,0.3699623694194699,9402.23630491973,44.87442828276684,-1741.883048000498,-1814.6910866549724,72.80803865447433,0.002731077738661547,0.0031439599746445612,88621.75
2025-12-21,88344.703125,89027.953125,87613.203125,88621.75,19845522660,BTC-USD,89681.653515625,94167.19332878437,85196.11370246563,0.381853293051203,8971.079626318737,45.65548353443252,-1597.453451105379,-1771.2435595450538,173.7901084396749,0.0031439599746445612,-0.0014864790528285043,88490.015625
2025-12-22,88621.3984375,90501.9296875,87908.0703125,88490.015625,38047472118,BTC-USD,89538.644140625,93984.47919185799,85092.809089392,0.3820661918918729,8891.670102465985,45.32744893104411,-1476.6004868587188,-1712.314945007787,235.71445814906815,-0.0014864790528285043,-0.01215974047919599,87414.0
2025-12-23,88490.03125,88898.3828125,86606.9765625,87414.0,43683011533,BTC-USD,89232.95390625,93369.59570803953,85096.31210446046,0.28014123612744185,8273.283603579068,42.632960346877674,-1450.9237643081142,-1660.0367088678524,209.11294455973825,-0.01215974047919599,0.0022646365284737513,87611.9609375
2025-12-24,87404.3203125,87956.8828125,86411.796875,87611.9609375,25550297986,BTC-USD,89006.470703125,92973.84728794092,85039.09411830908,0.32425291173994997,7934.753169631847,43.300747426441205,-1398.4801745398872,-1607.7254020022594,209.2452274623722,0.0022646365284737513,-0.004305562231041726,87234.7421875
2025-12-25,87608.3203125,88501.7890625,86949.2578125,87234.7421875,19953216347,BTC-USD,88898.819921875,92935.2107128653,84862.42913088469,0.29386563138418,8072.781581980613,42.29052477966898,-1371.546320168316,-1560.489585635471,188.94326546715502,-0.004305562231041726,0.0007644603322913834,87301.4296875
2025-12-26,87235.5078125,89459.4296875,86628.140625,87301.4296875,42455674908,BTC-USD,88800.27265625,92891.24158747394,84709.30372502607,0.31681076122208784,8181.93786244787,42.545724332805314,-1329.4943394479196,-1514.2905363979608,184.79619695004112,0.0007644603322913834,0.005735605525503784,87802.15625
2025-12-27,87301.4296875,87874.78125,87182.9765625,87802.15625,13741199310,BTC-USD,88670.0984375,92713.86543083655,84626.33144416344,0.3926814788129213,8087.533986673108,44.529249447447775,-1241.4526989752776,-1459.7229689134242,218.2702699381466,0.005735605525503784,0.00038358610925337544,87835.8359375
2025-12-28,87799.34375,87986.890625,87394.953125,87835.8359375,15156557929,BTC-USD,88529.880078125,92484.16168557463,84575.59847067538,0.41224143731727825,7908.5632148992445,44.66762099529957,-1155.6398979044025,-1398.90635471162,243.26645680721754,0.00038358610925337544,-0.007943173820266769,87138.140625
2025-12-29,87835.7890625,90299.15625,86717.9140625,87138.140625,48411625849,BTC-USD,88252.2015625,91752.36471862906,84752.03840637095,0.3408558561692761,7000.326312258112,42.31290756183789,-1130.8945670322719,-1345.3039971757503,214.4094301434784,-0.007943173820266769,0.014826942349620564,88430.1328125
2025-12-30,87134.3515625,89297.9375,86735.546875,88430.1328125,35586356225,BTC-USD,88072.6609375,91120.25815346118,85025.06372153881,0.5586481496189547,6095.194431922369,47.80059717303346,-995.5546083201334,-1275.354119404627,279.7995110844936,0.014826942349620564,-0.01041844740246467,87508.828125
2025-12-31,88429.5859375,89080.2890625,87130.5625,87508.828125,33830210616,BTC-USD,87822.535546875,90094.27767210809,85550.79342164192,0.4309544383602036,4543.484250466165,44.546346127206505,-951.66806749643,-1210.6169090229878,258.94884152655777,-0.01041844740246467,0.013977518339667538,88731.984375
2026-01-01,87508.046875,88803.2265625,87399.40625,88731.984375,18849043990,BTC-USD,87745.6140625,89771.4823240779,85719.7458009221,0.7434438436119594,4051.7365231557924,49.46527950117638,-808.8650874494197,-1130.266544708274,321.4014572588544,0.013977518339667538,0.013667122921255048,89944.6953125
2026-01-02,88733.0625,90884.4609375,88298.6171875,89944.6953125,46398906171,BTC-USD,87727.91328125,89668.63991857803,85787.18664392197,1.0711216584067806,3881.453274656058,53.83739034823009,-591.0241013732739,-1022.4180560412741,431.3939546680002,0.013667122921255048,0.007321078638514056,90603.1875
2026-01-03,89945.0546875,90679.5703125,89328.0703125,90603.1875,20774828592,BTC-USD,87849.313671875,90156.0209745965,85542.60636915351,1.0969274525805524,4613.4146054429875,56.06037107175285,-361.0863554290263,-890.1517159188246,529.0653604897983,0.007321078638514056,0.008943445698309516,91413.4921875
2026-01-04,90603.0,91712.5859375,90595.1015625,91413.4921875,26770491368,BTC-USD,88098.99921875,90782.93070080497,85415.06773669504,1.1174697437157082,5367.862964109925,58.69620308881288,-112.1810653823486,-734.5575858115294,622.3765204291808,0.008943445698309516,0.027009825802690735,93882.5546875
2026-01-05,91414.625,94762.0703125,91414.625,93882.5546875,53376407252,BTC-USD,88400.927734375,92077.30382287447,84724.55164587553,1.2455204284285224,7352.75217699894,65.48950541957876,281.07086916000117,-531.4318948172233,812.5027639772245,0.027009825802690735,-0.0016352711961346023,93729.03125
2026-01-06,93876.9453125,94395.296875,91286.546875,93729.03125,52430605257,BTC-USD,88780.19140625,92975.32568494404,84585.05712755596,1.08983092256234,8390.268557388074,64.77610545161663,573.7242659477779,-310.4006626642231,884.124928612001,-0.0016352711961346023,-0.025829527204251357,91308.0546875
2026-01-07,93727.46875,93738.7890625,90601.8046875,91308.0546875,43461295053,BTC-USD,89072.46875,93114.01067130755,85030.92682869245,0.7765758689417139,8083.083842615102,54.66357213003287,603.3466115399351,-127.65120782339146,730.9978193633266,-0.025829527204251357,-0.003076724046541912,91027.125
2026-01-08,91309.640625,91485.8515625,89233.875,91027.125,42386697030,BTC-USD,89218.655859375,93320.47120360703,85116.84051514296,0.7204474103360202,8203.630688464065,53.61754300821432,597.2689116586989,17.33281607302662,579.9360955856723,-0.003076724046541912,-0.005646925984974294,90513.1015625
2026-01-09,91026.2734375,91910.671875,89625.3828125,90513.1015625,38305906684,BTC-USD,89327.1109375,93445.35722244858,85208.8646525514,0.6439921926639717,8236.492569897178,51.669277573466495,544.6959789977991,122.80544865798112,421.890530339818,-0.005646925984974294,-0.001397069847536736,90386.6484375
2026-01-10,90510.1015625,90713.03125,90283.3984375,90386.6484375,12385895282,BTC-USD,89415.355859375,93544.98307389414,85285.72864485587,0.6176005154545281,8259.254429038265,51.1766211453442,487.2115690327191,195.68667273292874,291.5248962997904,-0.001397069847536736,0.004876964768804504,90827.4609375
2026-01-11,90385.359375,91155.2265625,90212.0234375,90827.4609375,17165568977,BTC-USD,89532.228125,93682.73913757065,85381.71711242934,0.6560329328818949,8301.022025141312,52.86385335966816,471.7861872192734,250.90657563019766,220.87961158907575,0.004876964768804504,0.004024457429802286,91192.9921875
2026-01-12,90825.859375,92395.5234375,90055.0234375,91192.9921875,41346275358,BTC-USD,89721.177734375,93812.41021643815,85629.94525231185,0.6798742138924828,8182.464964126295,54.27494921831385,483.483481385716,297.42195678130133,186.06152460441467,0.004024457429802286,0.04527528885126264,95321.78125
2026-01-13,91185.3359375,96011.625,90941.9296875,95321.78125,54980674354,BTC-USD,90106.66875,94746.42766382088,85466.90983617911,1.0620025303971352,9279.517827641772,66.48102450553847,816.5003352895001,401.2376324829411,415.262702806559,0.04527528885126264,0.016864423365986925,96929.328125
2026-01-14,95322.90625,97860.6015625,94583.046875,96929.328125,60592490863,BTC-USD,90591.398046875,95906.25049701516,85276.54559673482,1.0962470395540194,10629.70490028034,69.8551456471741,1196.3434862364666,560.2588032336462,636.0846830028204,0.016864423365986925,-0.01421799419905967,95551.1875
2026-01-15,96931.2890625,97150.171875,95103.2421875,95551.1875,53086363027,BTC-USD,91003.8859375,96510.44524888857,85497.32662611143,0.9128986273783838,11013.11862277714,63.915122545952904,1370.3707086451905,722.281184315955,648.0895243292355,-0.01421799419905967,-0.00027284132392391136,95525.1171875
2026-01-16,95554.1015625,95801.890625,94259.2734375,95525.1171875,33248170537,BTC-USD,91390.033984375,97025.9763189141,85754.0916498359,0.8668493179732975,11271.884669078194,63.80459282888204,1489.020379807087,875.6290234141815,613.3913563929055,-0.00027284132392391136,-0.004451136256293897,95099.921875
2026-01-17,95525.15625,95598.4765625,95005.6171875,95099.921875,16021715122,BTC-USD,91753.23828125,97362.3706057807,86144.1059567193,0.7983245357854887,11218.264649061399,61.923720200139066,1531.091916275167,1006.7216019863786,524.3703142887884,-0.004451136256293897,-0.01541002514624834,93634.4296875
2026-01-18,95101.1796875,95491.5078125,93588.8671875,93634.4296875,20809781232,BTC-USD,92078.052734375,97320.98117793634,86835.12429081366,0.6484263012435668,10485.856887122674,55.81642154999497,1429.7002456586924,1091.3173307208415,338.38291493785096,-0.01541002514624834,-0.011543146480490485,92553.59375
2026-01-19,93655.671875,93660.828125,92089.25,92553.59375,39195241508,BTC-USD,92284.22578125,97254.33979035476,87314.11177214525,0.5270987716032813,9940.228018209513,51.761695095691316,1247.7489161653357,1122.6036478097403,125.14526835559536,-0.011543146480490485,-0.04584033237499219,88310.90625
2026-01-20,92553.6015625,92798.4296875,87814.9296875,88310.90625,53072968031,BTC-USD,92324.3296875,97150.52581226868,87498.13356273131,0.08420427457324335,9652.39224953737,39.60071560742744,752.5270891700784,1048.588336081808,-296.06124691172954,-0.04584033237499219,0.012071608510981546,89376.9609375
2026-01-21,88326.5078125,90430.40625,87231.5703125,89376.9609375,56330422434,BTC-USD,92356.578515625,97094.13238106207,87619.02465018794,0.18553206330139294,9475.107730874122,43.21104686642355,440.9983725593338,927.0703433773132,-486.0719708179794,0.012071608510981546,0.000956534957143873,89462.453125
2026-01-22,89378.5234375,90258.9609375,88438.4453125,89462.453125,35549685694,BTC-USD,92332.46640625,97123.48376072414,87541.44905177585,0.20047976568381634,9582.034708948282,43.5027053006474,198.7174343593506,781.3997615737208,-582.6823272143702,0.000956534957143873,0.00046300848627667257,89503.875
2026-01-23,89462.046875,91100.25,88486.359375,89503.875,38997586037,BTC-USD,92277.50078125,97170.74788033745,87384.25368216254,0.21658637658342952,9786.494198174914,43.65370082740116,9.93590945212054,627.1069911494008,-617.1710816972802,0.00046300848627667257,-0.00439244250598092,89110.734375
2026-01-24,89506.1484375,89811.609375,89044.2890625,89110.734375,14558687712,BTC-USD,92162.362890625,97236.53474045759,87088.1910407924,0.19929787500933052,10148.343699665187,42.492905348006275,-169.44471871679707,467.7966491761612,-637.2413678929584,-0.00439244250598092,-0.028487203509257375,86572.21875
2026-01-25,89104.765625,89193.1484375,86003.7109375,86572.21875,36124986722,BTC-USD,91796.84609375,97353.00845507713,86240.68373242288,0.029834892864607297,11112.324722654244,35.86183353597211,-510.55677390648634,272.1259645596317,-782.682738466118,-0.028487203509257375,0.019578126787931138,88267.140625
2026-01-26,86566.5234375,88743.0703125,86429.2890625,88267.140625,45329286974,BTC-USD,91523.7515625,97208.61866183061,85838.88446316938,0.21357193751429515,11369.73419866123,42.33255281465555,-636.7840547655942,90.34396069458654,-727.1280154601807,0.019578126787931138,0.009464787027023913,89102.5703125
2026-01-27,88257.4765625,89427.125,87228.921875,89102.5703125,38744942267,BTC-USD,91413.47734375,97195.5350245814,85631.41966291859,0.3001656885133573,11564.115361662814,45.26382000053211,-661.7793105125747,-60.08069354684571,-601.698616965729,0.009464787027023913,0.0009202877056453396,89184.5703125
2026-01-28,89104.046875,90439.2890625,88721.4609375,89184.5703125,39807419296,BTC-USD,91321.349609375,97183.25993202445,85459.43928672555,0.31774036284563756,11723.820645298896,45.55634339037945,-667.2795329865621,-181.520461434789,-485.7590715517731,0.0009202877056453396,-0.05183614563372574,84561.5859375
2026-01-29,89169.8515625,89200.78125,83250.6015625,84561.5859375,64653083162,BTC-USD,91023.773828125,97582.43338990306,84465.11426634695,0.007354526503804048,13117.31912355611,34.39581079149124,-1032.7695772839943,-351.7702846046301,-680.9992926793642,-0.05183614563372574,-0.005119696877728619,84128.65625
2026-01-30,84562.7265625,84602.1640625,81071.4765625,84128.65625,72083816087,BTC-USD,90710.87421875,97925.5629934424,83496.1854440576,0.043832161420529626,14429.377549384808,33.56649174290153,-1341.8884237873135,-549.7939124411669,-792.0945113461466,-0.005119696877728619,-0.06546567255435032,78621.1171875
2026-01-31,84126.5,84136.921875,75815.8828125,78621.1171875,70479259159,BTC-USD,90100.55703125,99033.16652459376,81167.94753790625,-0.14255802586601662,17865.218986687512,25.231804580808074,-2008.131223910561,-841.4613747350458,-1166.669849175515,-0.06546567255435032,-0.02094439679701987,76974.4453125
2026-02-01,78626.125,79322.609375,75698.8984375,76974.4453125,53372509744,BTC-USD,89389.6296875,99972.16815729582,78807.09121770418,-0.08658819953430012,21165.076939591643,23.36386747151444,-2638.5900775807822,-1200.8871153041932,-1437.702962276589,-0.02094439679701987,0.022271291537603544,78688.765625
2026-02-02,76968.875,79258.609375,74551.3359375,78688.765625,75140589684,BTC-USD,88557.97890625,99742.21613020141,77373.7416822986,0.058789165339109384,22368.474447902816,29.237249243522555,-2965.715022592165,-1553.8526967617877,-1411.8623258303774,0.022271291537603544,-0.03882661934945053,75633.546875
2026-02-03,78693.5078125,79118.8515625,72897.140625,75633.546875,68249110822,BTC-USD,87493.18984375,99322.99755177167,75663.38213572835,-0.0012610205281745224,23659.61541604332,25.488142085150727,-3431.933326830782,-1929.4688227755867,-1502.4645040551952,-0.03882661934945053,-0.03455931736640505,73019.703125
2026-02-04,75640.09375,76864.65625,71779.9296875,73019.703125,67215363944,BTC-USD,86366.615625,99164.18456762738,73569.04668237263,-0.021462809063009798,25595.13788525475,22.795035110130698,-3966.6054788487236,-2336.896153990214,-1629.7093248585097,-0.03455931736640505,-0.14129892381358544,62702.09765625
2026-02-05,73016.375,73161.5546875,62353.53515625,62702.09765625,125509410908,BTC-USD,84725.4646484375,100480.79760888008,68970.13168799492,-0.19891785363985226,31510.665920885163,15.729845071457603,-5163.361527323199,-2902.189228656811,-2261.172298666388,-0.14129892381358544,0.1252476912623226,70555.390625
2026-02-06,62704.453125,71681.3046875,60074.203125,70555.390625,114674259489,BTC-USD,83498.2380859375,99648.73354485055,67347.74262702445,0.09930494101979186,32300.9909178261,32.802286888838196,-5415.675670047363,-3404.886516934922,-2010.7891531124415,0.1252476912623226,-0.018048541205989532,69281.96875
2026-02-07,70553.796875,71611.1484375,67364.4453125,69281.96875,62347107663,BTC-USD,82280.6150390625,98857.10642780073,65704.12365032427,0.10791925190231919,33152.982777476456,31.681475740326206,-5653.224100443258,-3854.5540336365893,-1798.6700668066687,-0.018048541205989532,0.014184900201757111,70264.7265625
2026-02-08,69283.7265625,72206.90625,68852.8984375,70264.7265625,39721722619,BTC-USD,81166.1716796875,97826.95280222359,64505.3905571514,0.17284111600140628,33321.56224507219,33.568009018223734,-5696.516702172885,-4222.946567343848,-1473.5701348290368,0.014184900201757111,-0.00204861414171964,70120.78125
2026-02-09,70243.328125,71369.96875,68291.03125,70120.78125,52081598792,BTC-USD,80256.6654296875,97240.8788253883,63272.452033986716,0.20160866613189163,33968.42679140158,33.42242968785057,-5677.000654927731,-4513.757384860625,-1163.243270067106,-0.00204861414171964,-0.018921927121284043,68793.9609375
2026-02-10,70137.390625,70464.265625,67913.09375,68793.9609375,40593063077,BTC-USD,79227.5154296875,96370.14260890891,62084.88825046609,0.19568391171587704,34285.25435844282,32.042978673025615,-5702.858356175231,-4751.5775791235465,-951.2807770516847,-0.018921927121284043,-0.02619404614799148,66991.96875
2026-02-11,68791.859375,69242.6796875,65757.3046875,66991.96875,49671946030,BTC-USD,78103.9912109375,95361.20334123497,60846.77908064003,0.17804699921869832,34514.42426059494,30.218785816273964,-5801.876064632117,-4961.637276225261,-840.2387884068557,-0.02619404614799148,-0.011495780977477277,66221.84375
2026-02-12,66992.1953125,68339.4921875,65092.109375,66221.84375,44651071271,BTC-USD,76939.8896484375,94104.867256774,59774.912040101,0.187793187296904,34329.955216673,29.447216201413454,-5874.77026852702,-5144.263874685614,-730.506393841406,-0.011495780977477277,0.039805596623848194,68857.84375
2026-02-13,66213.375,69382.8359375,65835.78125,68857.84375,40820775886,BTC-USD,75927.2451171875,92479.3646617438,59375.12557263119,0.28645026855450384,33104.23908911262,35.516220660040716,-5654.6529608261335,-5246.341691913718,-408.31126891241547,0.039805596623848194,0.013212456278809848,69767.625
2026-02-14,68856.984375,70481.1640625,68706.6171875,69767.625,36012397645,BTC-USD,75087.0154296875,91089.32179393436,59084.709065440635,0.33379300743884205,32004.612728493725,37.514065832753275,-5345.180748686398,-5266.109503268254,-79.07124541814392,0.013212456278809848,-0.014038567315427408,68788.1875
2026-02-15,69764.953125,70939.2890625,68052.546875,68788.1875,40191152750,BTC-USD,74113.0677734375,89128.77353279149,59097.36201408353,0.32268964380444154,30031.41151870796,36.213286247918944,-5119.9347904722235,-5236.874560709049,116.9397702368251,-0.014038567315427408,0.000799101589935125,68843.15625
2026-02-16,68782.3984375,70067.234375,67301.5859375,68843.15625,33618145426,BTC-USD,73100.0970703125,86590.25411495799,59609.94002566702,0.34222048689929185,26980.314089290972,36.346685812866724,-4880.728230156616,-5165.645294598562,284.9170644419464,0.000799101589935125,-0.019594358734823403,67494.21875
2026-02-17,68843.09375,69201.8671875,66615.28125,67494.21875,34866936040,BTC-USD,72015.5794921875,83496.98803090134,60534.17095347367,0.30310078127861845,22962.817077427666,34.44303932097512,-4745.302398226631,-5081.576715324176,336.27431709754455,-0.019594358734823403,-0.015836888807606253,66425.3203125
2026-02-18,67488.0234375,68434.4296875,65845.8984375,66425.3203125,33094301643,BTC-USD,71108.7662109375,81272.58659102574,60944.94583084924,0.26960209235826615,20327.640760176502,32.96949540437326,-4670.390269669224,-4999.339426193186,328.9491565239623,-0.015836888807606253,0.008012052068341324,66957.5234375
2026-02-19,66425.625,67277.125,65637.4296875,66957.5234375,31492987019,BTC-USD,70250.2095703125,78610.70134322873,61889.71779739625,0.30308059488323824,16720.98354583248,34.47267109241085,-4516.019660176447,-4902.675472989838,386.6558128133911,0.008012052068341324,0.015650197075734784,68005.421875
2026-02-20,66958.578125,68269.03125,66452.484375,68005.421875,47507867304,BTC-USD,69719.4248046875,77186.97382077234,62251.87578860265,0.3852365799008756,14935.098032169692,37.44714946426295,-4260.016376697182,-4774.1436537313075,514.1272770341257,0.015650197075734784,-2.435467576455963e-05,68003.765625
2026-02-21,68000.25,68657.703125,67533.0703125,68003.765625,18357635642,BTC-USD,69270.8908203125,75980.67398651734,62561.10765410766,0.40557629330746253,13419.566332409682,37.44425635429245,-4011.0289309319924,-4621.520709171445,610.4917782394523,-2.435467576455963e-05,-0.005064057803784272,67659.390625
2026-02-22,67998.828125,68235.2265625,67185.6015625,67659.390625,17893536012,BTC-USD,68719.4220703125,73875.47020983997,63563.373930785034,0.397205047681183,10312.096279054938,36.80750054856636,-3797.715075350352,-4456.759582407227,659.0445070568749,-0.005064057803784272,-0.04497014110892317,64616.73828125
2026-02-23,67668.4296875,67668.4296875,63924.4375,64616.73828125,50953457309,BTC-USD,68168.581640625,72547.68088508838,63789.482396161606,0.0944550281812311,8758.198488926777,31.681294877350524,-3830.0287364291144,-4331.413413211605,501.3846767824907,-0.04497014110892317,-0.008305824880296298,64080.04296875
2026-02-24,64616.015625,64992.15625,62553.1875,64080.04296875,40849331086,BTC-USD,67721.5986328125,71846.38816911833,63596.809096506666,0.058576791372017364,8249.579072611668,30.864745314885255,-3854.51195751442,-4236.033122072168,381.5211645577483,-0.008305824880296298,0.060550552894326426,67960.125
2026-02-25,64077.76953125,69953.53125,63942.484375,67960.125,53629234355,BTC-USD,67984.5,71406.4469835414,64562.553016458594,0.4964384310865661,6843.893967082811,42.41932533078729,-3520.245692823257,-4092.875636222386,572.6299433991294,0.060550552894326426,-0.007450715585058165,67453.7734375
2026-02-26,67954.8671875,68843.3515625,66523.734375,67453.7734375,42988597523,BTC-USD,67829.419140625,71046.24355020603,64612.59473104399,0.4416123394851488,6433.648819162037,41.44583548341268,-3258.632126409124,-3926.026934259734,667.39480785061,-0.007450715585058165,-0.023304501473983996,65881.796875
2026-02-27,67456.515625,68220.40625,64946.03515625,65881.796875,40283655942,BTC-USD,67659.410546875,70910.41254912807,64408.40854462193,0.22660526344753903,6502.00400450614,38.4924393664372,-3141.928663390543,-3769.207280085896,627.2786166953529,-0.023304501473983996,0.016910019957618205,66995.859375
2026-02-28,65878.9296875,67714.5234375,63062.21875,66995.859375,42041497112,BTC-USD,67495.9671875,70527.91125278936,64464.02312221065,0.4175268735618515,6063.888130578707,41.665057121499245,-2925.8177887931815,-3600.529381827353,674.7115930341715,0.016910019957618205,-0.018773664883674046,65738.1015625
2026-03-01,67005.8828125,68162.8203125,65076.73046875,65738.1015625,40733141929,BTC-USD,67276.833203125,70147.49419690028,64406.172209349716,0.23199001136644634,5741.321987550567,39.206291337692306,-2823.4914556893345,-3445.1217965997494,621.6303409104148,-0.018773664883674046,0.04620988327616793,68775.8515625
2026-03-02,65734.078125,70044.0,65303.13671875,68775.8515625,56698092052,BTC-USD,67275.927734375,70144.68480975712,64407.17065899288,0.7614239875861935,5737.51415076424,47.295928374828655,-2468.8170755573956,-3249.860852391279,781.0437768338834,0.04620988327616793,-0.007011227255569463,68293.6484375
2026-03-03,68785.078125,69232.890625,66237.6171875,68293.6484375,47947999049,BTC-USD,67341.01171875,70239.95083546474,64442.07260203526,0.664307817514565,5797.878233429481,46.24399456403165,-2201.2699663308595,-3040.1426751791955,838.8727088483361,-0.007011227255569463,0.06467555605177866,72710.578125
2026-03-04,68290.5625,74051.8046875,67437.40625,72710.578125,75073101274,BTC-USD,67665.4484375,71339.5132918944,63991.3835831056,1.1865869122405017,7348.1297087888015,55.91607798532678,-1614.2199203119962,-2754.9581242057557,1140.7382038937594,0.06467555605177866,-0.025710882421896564,70841.125
2026-03-05,72712.65625,73555.7890625,70654.8828125,70841.125,51172841727,BTC-USD,67764.6125,71662.30945061047,63866.91554938954,0.8946577349373132,7795.39390122093,51.677922656042846,-1285.0149207779905,-2460.9694835202026,1175.9545627422121,-0.025710882421896564,-0.03817885179689062,68136.4921875
2026-03-06,70842.15625,71378.5703125,67757.8203125,68136.4921875,43776962871,BTC-USD,67683.055859375,71476.56118580356,63889.55053294646,0.5597648202792808,7587.010652857098,46.21976229370536,-1228.2009156356507,-2214.415769943292,986.2148543076414,-0.03817885179689062,-0.01267893913767526,67272.59375
2026-03-07,68136.6875,68515.1640625,66969.2578125,67272.59375,23258701211,BTC-USD,67607.276171875,71369.87435099483,63844.677992755176,0.45552509118136925,7525.196358239649,44.5994101144562,-1238.6069018843991,-2019.2539963315137,780.6470944471146,-0.01267893913767526,-0.01936617019467901,65969.78125
2026-03-08,67272.5,68177.7890625,65639.1953125,65969.78125,33195080116,BTC-USD,67463.607421875,71245.85281699966,63681.36202675035,0.30252125182033957,7564.490790249307,42.1968950613852,-1336.5726244224934,-1882.7177219497098,546.1450975272164,-0.01936617019467901,0.03687448277691541,68402.3828125
2026-03-09,65969.5859375,69474.9453125,65858.0078125,68402.3828125,49499875378,BTC-USD,67509.015625,71313.38220111016,63704.64904888984,0.617413394533268,7608.733152220317,47.84621983748037,-1204.0411128848355,-1746.9824001367351,542.9412872518997,0.03687448277691541,0.022287806357257578,69926.921875
2026-03-10,68402.71875,71770.8984375,68402.71875,69926.921875,54003996096,BTC-USD,67684.095703125,71593.6951622883,63774.496243961694,0.7868357993321121,7819.198918326612,51.07353565532901,-964.8689650945453,-1590.559713128297,625.6907480337518,0.022287806357257578,0.003975020350486469,70204.8828125
2026-03-11,69931.25,71337.6640625,68998.8671875,70204.8828125,45236859848,BTC-USD,67846.463671875,71889.33475326122,63803.59259048876,0.791676273265724,8085.742162772462,51.660868666166664,-744.3141994173202,-1421.3106103861016,676.9964109687814,0.003975020350486469,0.004110513591636167,70493.4609375
2026-03-12,70209.765625,70775.828125,69230.15625,70493.4609375,40871848129,BTC-USD,67970.865625,72175.52596321056,63766.20528678945,0.7999761109804148,8409.320676421106,52.30106558284298,-540.0121912722825,-1245.050926563338,705.0387352910554,0.004110513591636167,0.006735442992662266,70968.265625
2026-03-13,70497.046875,73927.328125,70410.7265625,70968.265625,61167226505,BTC-USD,68119.090625,72522.26570977925,63715.91554022074,0.8235364191908848,8806.350169558515,53.39473481344052,-335.9163728820422,-1063.2240158270788,727.3076429450366,0.006735442992662266,0.0034714019404360474,71214.625
2026-03-14,70965.3828125,71291.203125,70339.5859375,71214.625,22283546496,BTC-USD,68296.85234375,72894.2163393425,63699.488348157494,0.8173310465570351,9194.727991185006,53.98428699607651,-152.53153513604775,-881.0855196888726,728.5539845528249,0.0034714019404360474,0.022120302711697182,72789.9140625
2026-03-15,71213.6796875,73173.0078125,70882.421875,72789.9140625,27991268669,BTC-USD,68705.5111328125,73374.19622645025,64036.82603917475,0.9374254043449535,9337.370187275497,57.67148256283108,118.54838016506983,-681.1587397180842,799.7071198831541,0.022120302711697182,0.028454105238008953,74861.0859375
2026-03-16,72798.171875,74901.859375,72300.6328125,74861.0859375,55572438409,BTC-USD,69244.56328125,74136.7550923388,64352.37147016119,1.0740292769714592,9784.383622177615,61.98458987038558,494.80363853300514,-445.9662640678664,940.7699026008715,0.028454105238008953,-0.01253801442025071,73922.4765625
2026-03-17,74855.296875,75988.3984375,73444.2265625,73922.4765625,49500721728,BTC-USD,69542.680859375,74798.59776783605,64286.76395091395,0.9166538188678689,10511.833816922102,59.04817692278083,709.0769120288751,-214.9576288485181,924.0345408773932,-0.01253801442025071,-0.0362122396594321,71245.578125
2026-03-18,73936.8515625,74658.9765625,70503.859375,71245.578125,46229011155,BTC-USD,69732.27109375,74946.49679818464,64518.045389315346,0.6451133032046305,10428.451408869296,51.54791858897079,655.3324285908457,-40.89961736064538,696.232045951491,-0.0362122396594321,-0.01870697238447039,69912.7890625
2026-03-19,71250.3515625,71598.84375,68805.5234375,69912.7890625,44631433398,BTC-USD,69933.820703125,74839.62825358871,65028.0131526613,0.4978564547825548,9811.615100927418,48.261061597560946,499.4373960842204,67.16778532832778,432.2696107558926,-0.01870697238447039,0.008722250723753211,70522.5859375
2026-03-20,69911.53125,71346.796875,69398.8828125,70522.5859375,38299078407,BTC-USD,70110.15703125,74830.917061886,65389.39700061399,0.5436824688793218,9441.520061272,49.83707879394604,420.25058405099844,137.78434507286192,282.4662389781365,0.008722250723753211,-0.025680602546325204,68711.5234375
2026-03-21,70522.46875,71051.2734375,68602.9140625,68711.5234375,21109354718,BTC-USD,70258.828125,74590.73581929947,65926.92043070053,0.3214060874916427,8663.815388598945,45.412687124778785,208.94823178507795,152.01712241530512,56.93110936977283,-0.025680602546325204,-0.012607965253281006,67845.2109375
2026-03-22,68737.4453125,69561.7734375,67372.875,67845.2109375,30108051508,BTC-USD,70212.29609375,74626.14124744266,65798.45094005734,0.23185679675807383,8827.690307385317,43.426668454622316,-28.09077049489133,115.99554383326584,-144.0863143281572,-0.012607965253281006,0.04524488014825101,70914.859375
2026-03-23,67843.0,71782.2578125,67458.84375,70914.859375,51508669357,BTC-USD,70343.356640625,74676.46162897376,66010.25165227625,0.5659460982265264,8666.209976697515,51.51744755748482,31.38727424867102,99.07388991634687,-67.68661566767585,0.04524488014825101,-0.005598262529164066,70517.859375
2026-03-24,70912.671875,71371.3046875,68920.6953125,70517.859375,40181522399,BTC-USD,70233.720703125,74430.51250336127,66036.92890288873,0.5338518903724273,8393.583600472542,50.51131815101566,45.95967654918786,88.45104724291508,-42.49137069372722,-0.005598262529164066,0.011231529778693128,71309.8828125
2026-03-25,70520.046875,71985.7421875,70383.59375,71309.8828125,35409791747,BTC-USD,70257.15859375,74472.45230318724,66041.86488431277,0.6248696166050242,8430.587418874464,52.50422365075113,120.03440069861244,94.76771793405456,25.266682764557885,0.011231529778693128,-0.03531428903229905,68791.625
2026-03-26,71310.1171875,71410.390625,68118.3515625,68791.625,38962070215,BTC-USD,70289.915234375,74448.58348375045,66131.24698499955,0.31985937029239864,8317.336498750898,46.14180504898434,-24.184423266342492,70.97728969397515,-95.16171296031764,-0.03531428903229905,-0.035662044616623034,66338.375
2026-03-27,68790.8359375,69117.53125,65532.5703125,66338.375,46483453594,BTC-USD,70243.204296875,74554.57092688893,65931.83766686107,0.04714715402638047,8622.73326002786,40.937363151079474,-332.6016281019547,-9.738493865210827,-322.86313423674386,-0.035662044616623034,-0.0002815819275042708,66319.6953125
2026-03-28,66338.5,67232.859375,65906.7421875,66319.6953125,20924883455,BTC-USD,70260.7,74504.87406128307,66016.52593871692,0.035715944893578024,8488.348122566153,40.89953540705467,-571.9388248751347,-122.17856006719562,-449.7602648079391,-0.0002815819275042708,-0.005500227885263609,65954.921875
2026-03-29,66319.6953125,67052.953125,64971.70703125,65954.921875,21645889785,BTC-USD,70138.326953125,74717.67071730523,65558.98318894477,0.04323094164193109,9158.68752836046,40.119905025232015,-782.0346370207844,-254.1497754579134,-527.884861562871,-0.005500227885263609,0.011167073154841889,66691.4453125
2026-03-30,65958.3515625,68087.2890625,65759.8046875,66691.4453125,37694994180,BTC-USD,69976.553125,74796.61188108957,65156.49436891045,0.1592253353395669,9640.117512179124,42.503117307658925,-878.9735360007617,-379.11452756648305,-499.8590084342786,0.011167073154841889,0.02311941479563351,68233.3125
2026-03-31,66694.5859375,68495.2734375,65950.4375,68233.3125,42997691338,BTC-USD,69877.974609375,74755.6222189585,65000.3269997915,0.33140826879912366,9755.295219166997,47.237373266927165,-821.9080711161077,-467.67323627640803,-354.2348348396997,0.02311941479563351,-0.002268068291422898,68078.5546875
2026-04-01,68232.890625,69230.359375,67555.359375,68078.5546875,36465393617,BTC-USD,69757.229296875,74687.2339833169,64827.22461043309,0.32974918725822433,9860.009372883804,46.820661960342534,-780.1775401253835,-530.1740970462032,-250.00344307918033,-0.002268068291422898,-0.017479577533077273,66888.5703125
2026-04-02,68077.8984375,68633.1484375,65725.2578125,66888.5703125,39323384518,BTC-USD,69553.24453125,74602.1083782982,64504.38068420182,0.23611149958936747,10097.727694096386,43.633234481051446,-833.5192960144195,-590.8431368398465,-242.67615917457306,-0.017479577533077273,0.0006358522809097877,66931.1015625
2026-04-03,66889.015625,67296.234375,66281.5390625,66931.1015625,22815543346,BTC-USD,69339.068359375,74450.88116433553,64227.25555441447,0.2644703661156863,10223.625609921059,43.78054743783753,-862.419668337563,-645.1584431393898,-217.2612251981733,0.0006358522809097877,0.005369911059425414,67290.515625
2026-04-04,66938.6484375,67515.015625,66769.640625,67290.515625,15878814963,BTC-USD,69064.0984375,73992.1652764301,64136.0315985699,0.3200528858000383,9856.133677860198,45.08662089285415,-846.5630585527106,-685.439366222054,-161.12369233065658,0.005369911059425414,0.02513553056906015,68981.8984375
2026-04-05,67291.1953125,69087.65625,66610.6328125,68981.8984375,22972648674,BTC-USD,68770.1390625,72919.90205155489,64620.37607344512,0.5255146348789697,8299.52597810977,50.870924894468544,-689.5672218716791,-686.2649373519791,-3.302284519699924,0.02513553056906015,-0.0017695992030517527,68859.828125
2026-04-06,68982.9140625,70305.421875,68347.078125,68859.828125,39542143229,BTC-USD,68517.006640625,71931.17143689915,65102.84184435084,0.5502057611204241,6828.329592548311,50.4578257456342,-568.4442725133558,-662.7008043842545,94.2565318708987,-0.0017695992030517527,0.04474125312086663,71940.703125
2026-04-07,68859.375,72732.4296875,67740.5078125,71940.703125,44650511480,BTC-USD,68551.762890625,72088.2877841917,65015.2379970583,0.9791342258808671,7073.049787133408,59.41547137894192,-221.30157119258365,-574.4209577459203,353.11938655333665,0.04474125312086663,-0.011361353371537541,71123.359375
2026-04-08,71950.1484375,72825.1875,70707.46875,71123.359375,42444631703,BTC-USD,68612.29140625,72278.96520761088,64945.61760488914,0.8424176930898545,7333.347602721733,56.49697370416338,-12.002926896326244,-461.9373515760015,449.93442467967526,-0.011361353371537541,0.009061281070850802,71767.828125
2026-04-09,71120.5703125,73107.265625,70486.359375,71767.828125,38799581473,BTC-USD,68674.553515625,72507.38899891697,64841.718032333025,0.9035230083392766,7665.670966583944,58.23883747083362,203.52489045141556,-328.8449031705181,532.3697936219337,0.009061281070850802,0.016876904061948084,72979.046875
2026-04-10,71774.3671875,73440.1171875,71434.828125,72979.046875,37722595732,BTC-USD,68887.9296875,73155.71243035862,64620.14694464138,0.9793024193119676,8535.565485717234,61.36946128941585,466.68778278423997,-169.73836597956645,636.4261487638064,0.016876904061948084,0.0010307967248304184,73054.2734375
2026-04-11,72976.125,73784.234375,72556.3359375,73054.2734375,23287073965,BTC-USD,69148.3828125,73752.3873508628,64544.3782741372,0.9241840546044451,9208.009076725604,61.5621916957588,673.5521360901912,-1.0802655656149227,674.6324016558061,0.0010307967248304184,-0.031495312720733026,70753.40625
2026-04-12,73056.046875,73154.03125,70540.5703125,70753.40625,29882740487,BTC-USD,69140.31015625,73732.44792377854,64548.172388721454,0.6756367268809271,9184.275535057088,52.8733597514197,644.4045787248906,128.0167032924862,516.3878754324044,-0.031495312720733026,0.05273575609654846,74484.640625
2026-04-13,70757.6171875,74896.3125,70588.5234375,74484.640625,52278211554,BTC-USD,69338.64921875,74463.41467708413,64213.88376041586,1.0020709189609203,10249.530916668271,62.19241564903227,911.8728576697467,284.7879341679383,627.0849235018084,0.05273575609654846,-0.004068372317531099,74181.609375
2026-04-14,74478.3984375,76061.7578125,73877.203125,74181.609375,53540826530,BTC-USD,69482.235546875,74968.07669543338,63996.394398316625,0.9283184384002755,10971.682297116757,61.13507373409603,1086.862630544827,445.2028734433161,641.6597571015109,-0.004068372317531099,0.008404626904874313,74805.078125
2026-04-15,74182.0234375,75409.2734375,73549.203125,74805.078125,38090174312,BTC-USD,69782.908203125,75724.62335610563,63841.19305014438,0.9226195460881068,11883.43030596125,62.54594949138726,1261.3123798851884,608.4247747316906,652.8876051534978,0.008404626904874313,0.004639453579876829,75152.1328125
2026-04-16,74810.875,75506.5703125,73346.265625,75152.1328125,41312783855,BTC-USD,70223.59609375,76381.510389604,64065.68179789602,0.9001790607956567,12315.828591707977,63.34366470551678,1411.3008778882067,768.9999953629938,642.300882525213,0.004639453579876829,0.02627659540184779,77126.875
2026-04-17,75164.0390625,78320.6796875,74558.6015625,77126.875,54137194839,BTC-USD,70763.955078125,77339.28174808066,64188.62840816935,0.9838481980635886,13150.653339911303,67.57542059850729,1670.2593242963922,949.2518611496736,721.0074631467186,0.02627659540184779,-0.01816051878803593,75726.2109375
2026-04-18,77136.046875,77416.703125,75504.9453125,75726.2109375,26014416776,BTC-USD,71252.51953125,77777.82232041076,64727.216742089244,0.8427956947592751,13050.60557832152,62.09937498060789,1742.3788163621211,1107.8772521921633,634.5015641699579,-0.01816051878803593,-0.024692366775663332,73856.3515625
2026-04-19,75723.6953125,76243.09375,73802.3828125,73856.3515625,30931515195,BTC-USD,71610.76484375,77876.66671962707,65344.86296787294,0.6791910217581941,12531.80375175413,55.61952142231438,1629.8639518396958,1212.2745921216697,417.5893597180261,-0.024692366775663332,0.027298557704868998,75872.5234375
2026-04-20,73854.25,76575.359375,73775.5703125,75872.5234375,39674447916,BTC-USD,71992.725390625,78319.5754185665,65665.8753626835,0.8066137200771717,12653.700055883004,60.415787429042446,1683.9715556829178,1306.6139848339194,377.3575708489984,0.027298557704868998,0.0063296958930805225,76352.7734375
2026-04-21,75872.828125,76881.4765625,74852.671875,76352.7734375,36453522626,BTC-USD,72406.436328125,78737.4916629334,66075.38099331659,0.8116650306053934,12662.110669616814,61.48356756937878,1745.483535267398,1394.387894920615,351.09564034678306,0.0063296958930805225,0.024233934691509473,78203.1015625
2026-04-22,76354.21875,79468.0,76159.578125,78203.1015625,48336654537,BTC-USD,72972.162890625,79251.73070799412,66692.59507325587,0.9165046722965837,12559.135634738253,65.36057443725687,1921.3896541980648,1499.788246776105,421.6014074219597,0.024233934691509473,0.0008420581944230676,78268.953125
2026-04-23,78203.875,78676.9375,77014.453125,78268.953125,40354900916,BTC-USD,73539.05546875,79577.25190111005,67500.85903638994,0.891664771859807,12076.39286472011,65.49369678493946,2042.5647762469162,1608.3435526702674,434.22122357664875,0.0008420581944230676,-0.010395445352393673,77455.3125
2026-04-24,78263.8203125,78554.09375,77318.4453125,77455.3125,32784213526,BTC-USD,74047.2953125,79586.71306094996,68507.87756405005,0.8076151088671395,11078.835496899905,62.30750529269276,2049.31965362138,1696.53877286049,352.7808807608899,-0.010395445352393673,0.0020231423764509593,77612.015625
2026-04-25,77457.2109375,77882.640625,77184.6640625,77612.015625,16702933134,BTC-USD,74478.801171875,79708.53891349843,69249.06343025158,0.7995575120514913,10459.475483246846,62.684032867170046,2043.7584005259414,1765.9826983935804,277.77570213236095,0.0020231423764509593,0.013471154293320797,78657.5390625
2026-04-26,77613.1171875,78923.5625,77334.890625,78657.5390625,21482934750,BTC-USD,74968.68671875,79823.37557607338,70113.99786142663,0.879926752482325,9709.377714646747,65.18307251300786,2099.5141784366133,1832.6889944021873,266.825184034426,0.013471154293320797,-0.01641182876919478,77366.625
2026-04-27,78661.015625,79488.171875,76481.34375,77366.625,38135631927,BTC-USD,75239.9828125,79992.86428491405,70487.10134008597,0.7237213572275188,9505.762944828079,59.85323110372023,2016.292493142275,1869.409694150205,146.88279899206987,-0.01641182876919478,-0.013131671764148978,76350.671875
2026-04-28,77368.1171875,77483.8671875,75673.6015625,76350.671875,32056900880,BTC-USD,75501.3484375,79880.16593364738,71122.53094135261,0.5969809130258641,8757.63499229477,55.97415728088814,1847.0679320923955,1864.9413417386431,-17.873409646247637,-0.013131671764148978,-0.007525003361340765,75776.1328125
2026-04-29,76350.6875,77884.96875,74958.5703125,75776.1328125,41460907886,BTC-USD,75701.763671875,79731.73192307338,71671.79542067662,0.5092270132156606,8059.936502396769,53.848728902004694,1647.6032034112286,1821.4737140731604,-173.8705106619318,-0.007525003361340765,0.00697036758667724,76304.3203125
2026-04-30,75778.6328125,76611.484375,75318.984375,76304.3203125,29497862305,BTC-USD,75868.02734375,79704.69871632814,72031.35597117186,0.5568582667606506,7673.342745156289,55.52085335776858,1514.6859293344023,1760.116157125409,-245.4302277910067,0.00697036758667724,0.024568460603834108,78179.0
2026-05-01,76305.0546875,78894.9765625,76294.6953125,78179.0,39164328894,BTC-USD,76124.263671875,79858.17525523584,72390.35208851416,0.775145284275259,7467.823166721675,60.9313482788871,1542.8341833558661,1716.6597623715004,-173.82557901563428,0.024568460603834108,0.006117371672699878,78657.25
2026-05-02,78177.75,79119.7890625,78031.9609375,78657.25,16761531851,BTC-USD,76519.455859375,79491.21801516468,73547.69370358532,0.8596845959660814,5943.524311579356,62.194760656807894,1585.4564999441209,1690.4191098860247,-104.96260994190379,0.006117371672699878,-0.00151319093281288,78538.2265625
2026-05-03,78656.7265625,79402.359375,78073.078125,78538.2265625,20544392639,BTC-USD,76722.13515625,79663.9113448488,73780.3589676512,0.808672599446632,5883.5523771976,61.660338077369325,1591.2874253344198,1670.5927729757036,-79.30534764128379,-0.00151319093281288,0.016421044171065935,79827.90625
2026-05-04,78540.2890625,80742.359375,78217.9609375,79827.90625,54325085296,BTC-USD,77004.45,80000.03826077882,74008.86173922117,0.9712690804286188,5991.176521557645,65.15427132091956,1680.6019154512178,1672.5946014708065,8.007313980411254,0.016421044171065935,0.013768974900303155,80927.0546875
2026-05-05,79823.53125,81751.453125,79787.578125,80927.0546875,39700107376,BTC-USD,77310.548828125,80582.96097144816,74038.13668480184,1.0525749357020793,6544.824286646326,67.84388021505094,1819.1068538281834,1701.897051942282,117.20980188590147,0.013768974900303155,0.006184292316489204,81427.53125
2026-05-06,80930.734375,82792.2109375,80751.0234375,81427.53125,41751540000,BTC-USD,77624.31875,81198.2566192668,74050.38088073321,1.0320759116582285,7147.875738533592,69.01656483394108,1946.8156127693655,1750.8807641076987,195.93484866166682,0.006184292316489204,-0.017408596831308243,80009.9921875
2026-05-07,81428.8515625,81684.953125,79522.65625,80009.9921875,36931193154,BTC-USD,77768.474609375,81480.44251594509,74056.50670280491,0.8019311635423315,7423.935813140182,62.10780999921347,1911.6063606546668,1783.0258834170922,128.58047723757454,-0.017408596831308243,0.0022093920105095144,80186.765625
2026-05-08,80009.625,80447.265625,79205.515625,80186.765625,33789351540,BTC-USD,77991.50234375,81721.81042276479,74261.19426473523,0.7942469140283167,7460.616158029559,62.61045718133551,1876.337661155645,1801.6882389648028,74.64942219084219,0.0022093920105095144,0.0059561145630133705,80664.3671875
2026-05-09,80187.7421875,81030.0625,80119.9296875,80664.3671875,18102086996,BTC-USD,78331.903125,81717.26196782844,74946.54428217156,0.8444928840322355,6770.717685656884,63.999930772791515,1865.4219937571906,1814.4349899232805,50.987003833910194,0.0059561145630133705,0.01828022150812214,82138.9296875
2026-05-10,80665.609375,82430.171875,80274.1328125,82138.9296875,26965971077,BTC-USD,78645.2234375,82216.91163523993,75073.53523976007,0.9890833209084049,7143.376395479863,67.95896136131397,1953.2403797697189,1842.1960678925682,111.04431187715068,0.01828022150812214,-0.004999247178679611,81728.296875
2026-05-11,82139.046875,82326.234375,80451.421875,81728.296875,32409774919,BTC-USD,78913.999609375,82563.38271112069,75264.6165076293,0.8855853423937288,7298.766203491396,65.7891840219052,1967.0277754516865,1867.1624094043918,99.86536604729463,-0.004999247178679611,-0.015304426194186482,80477.4921875
2026-05-12,81725.3515625,81753.03125,79832.1015625,80477.4921875,32186688600,BTC-USD,79027.719140625,82722.86394129471,75332.5743399553,0.6961726975641441,7390.289601339406,59.552042067223525,1855.6343038298219,1864.8567882894781,-9.222484459656243,-0.015304426194186482,-0.014915661104390687,79277.1171875
2026-05-13,80476.7890625,81276.671875,78725.5078125,79277.1171875,34075428359,BTC-USD,79078.12734375,82757.96780958689,75398.28687791312,0.5270378356884473,7359.680931673764,54.237755576429656,1651.4569764471235,1822.176825921007,-170.71984947388364,-0.014915661104390687,0.022378876470797504,81051.25
2026-05-14,79276.9453125,82005.9609375,78909.6796875,81051.25,43731663431,BTC-USD,79257.92421875,82954.38944770506,75561.45898979495,0.7425730623951986,7392.930457910115,59.92928822754314,1614.195226629381,1780.580506062682,-166.38527943330087,0.022378876470797504,-0.024497713637975926,79065.6796875
2026-05-15,81046.8671875,81634.84375,78635.3671875,79065.6796875,38183347368,BTC-USD,79330.607421875,82951.14776400223,75710.06707974777,0.463413232647569,7241.08068425447,52.11689218572551,1408.2130874373688,1706.1070223376196,-297.89393490025077,-0.024497713637975926,-0.0118160267665125,78131.4375
2026-05-16,79066.0,79173.5,77630.734375,78131.4375,25895799905,BTC-USD,79304.30234375,82951.56735159598,75657.03733590401,0.3392131033490943,7294.530015691969,48.887632122067714,1156.2566148517362,1596.136940840443,-439.8803259887068,-0.0118160267665125,-0.008985959556932488,77429.3515625
2026-05-17,78133.5859375,78539.3984375,76783.4140625,77429.3515625,20900166465,BTC-USD,79307.438671875,82948.13531949163,75666.74202425838,0.24207036576303495,7281.393295233254,46.55315760216032,889.6712511182559,1454.8438028960056,-565.1725517777497,-0.008985959556932488,-0.006136945201154598,76954.171875
2026-05-18,77426.34375,77749.3203125,76029.2265625,76954.171875,41520471808,BTC-USD,79337.613671875,82888.6851866014,75786.54215714861,0.16440526655253176,7102.143029452796,44.987369419288456,632.7632987502002,1290.4277020668446,-657.6644033166444,-0.006136945201154598,-0.002641385386229267,76750.90625
2026-05-19,76954.75,77346.8671875,76082.3671875,76750.90625,26031898332,BTC-USD,79386.35234375,82763.0354714797,76009.6692160203,0.10975815703472191,6753.366255459405,44.300952955787416,408.056240071528,1113.9534096677814,-705.8971695962534,-0.002641385386229267,0.009209887179670861,77457.7734375
2026-05-20,76749.453125,77775.5703125,76463.6484375,77457.7734375,26668360936,BTC-USD,79444.025,82642.89721301117,76245.15278698882,0.1895387764442315,6397.744426022342,47.31167098763805,283.74175332818413,947.911078399862,-664.1693250716779,0.009209887179670861,0.0010508749979196708,77539.171875
2026-05-21,77462.5078125,78100.5625,76655.4375,77539.171875,27141485404,BTC-USD,79412.03359375,82673.06488313056,76151.00230436945,0.21284211150489085,6522.062578761106,47.662502183615324,189.6041618246527,796.2496950848202,-606.6455332601676,0.0010508749979196708,-0.02645023976792371,75488.2421875
2026-05-22,77538.1171875,77819.453125,75323.875,75488.2421875,27859040109,BTC-USD,79253.583203125,82927.70719537618,75579.45921087383,-0.012413438355130093,7348.247984502348,40.368786077339216,-49.91801926016342,627.0161522158235,-676.9341714759869,-0.02645023976792371,0.015699464786268935,76673.3671875
2026-05-23,75488.3125,77288.1171875,74255.234375,76673.3671875,29973220002,BTC-USD,79160.340234375,82993.55898867939,75327.12148007062,0.175602514977479,7666.4375086087675,45.55366631021974,-142.46909538918408,473.119102694822,-615.5881980840061,0.015699464786268935,0.004013881531345742,76981.125
2026-05-24,76670.65625,77372.5390625,76019.890625,76981.125,20572738918,BTC-USD,79018.001171875,82951.59892889087,75084.40341485913,0.2410924683081692,7867.195514031744,46.846162620763074,-188.80656206702406,340.7339697424528,-529.5405318094769,0.004013881531345742,0.0038815318365379436,77279.9296875
2026-05-25,76981.125,77804.921875,76833.0390625,77279.9296875,19808387601,BTC-USD,78835.644921875,82736.34454350697,74934.94530024304,0.30058510199714783,7801.399243263935,48.13355275125086,-199.12293197623512,232.76258939871525,-431.8855213749504,0.0038815318365379436,-0.01881724424932052,75825.734375
2026-05-26,77280.125,77990.8671875,75569.46875,75825.734375,35999475458,BTC-USD,78555.555078125,82476.0134197435,74635.09673650652,0.15184929091759605,7840.916683236981,42.711758620765956,-320.9405352444155,122.02196447008909,-442.9624997145046,-0.01881724424932052,-0.019532039646005694,74344.703125
2026-05-27,75825.3046875,76014.296875,74136.5,74344.703125,33802172927,BTC-USD,78272.290625,82535.17884543826,74009.40240456173,0.03932788089899781,8525.776440876536,38.01521152740382,-530.8691784289404,-8.556264109716807,-522.3129143192235,-0.019532039646005694,-0.010870289388891785,73536.5546875
2026-05-28,74339.5703125,74460.125,72493.4140625,73536.5546875,40148145327,BTC-USD,77939.780078125,82574.6866568642,73304.8734993858,0.024993080677931177,9269.813157478406,35.70789550545449,-753.7610770387109,-157.59722669551564,-596.1638503431952,-0.010870289388891785,-0.00223060831034394,73372.5234375
2026-05-29,73537.03125,74218.5625,72435.625,73372.5234375,34457929250,BTC-USD,77575.187890625,82437.07443823677,72713.30134301324,0.0677948866176833,9723.773095223529,35.240364728420445,-932.8867260687257,-312.6551265701577,-620.231599498568,-0.00223060831034394,0.0052105676905831455,73754.8359375
2026-05-30,73370.8515625,74020.7578125,73125.234375,73754.8359375,19563589191,BTC-USD,77155.983203125,81813.07247575025,72498.89393049975,0.13484195099960633,9314.1785452505,37.300917413008186,-1032.0982832737936,-456.5437579108849,-575.5545253629087,0.0052105676905831455,-0.002374738351372918,73579.6875
2026-05-31,73753.75,74153.5,73315.015625,73579.6875,17445435650,BTC-USD,76748.552734375,81153.23772585546,72343.86774289454,0.14028469226468906,8809.369982960925,36.7244077610314,-1112.0382871150941,-587.6426637517268,-524.3956233633673,-0.002374738351372918,-0.030713830668280595,71319.7734375
2026-06-01,73580.2109375,73969.5703125,70599.5078125,71319.7734375,43378836121,BTC-USD,76290.666796875,80946.4097868771,71634.92380687289,-0.033845335755179375,9311.485980004218,30.231772319467566,-1342.2745881347655,-738.5690486283345,-603.705539506431,-0.030713830668280595,-0.06472422674681189,66703.65625
2026-06-02,71321.03125,71334.953125,66127.265625,66703.65625,54990073882,BTC-USD,75661.99375,81719.50154178463,69604.48595821536,-0.2394408565309273,12115.015583569271,21.766731990221018,-1875.5998464762524,-965.975208197918,-909.6246382783344,-0.06472422674681189,-0.04031696632071802,64014.3671875
2026-06-03,66694.0078125,67402.9296875,64009.67578125,64014.3671875,47411556213,BTC-USD,74810.149609375,82234.12908201109,67386.17013673892,-0.2270886498047972,14847.95894527217,18.514237323267565,-2486.6030955019087,-1270.1007856587162,-1216.5023098431925,-0.04031696632071802,-0.0033241439086123536,63801.57421875
2026-06-04,64020.0703125,64664.4453125,61335.75,63801.57421875,63800151780,BTC-USD,74046.9443359375,82614.40494159894,65479.48373027606,-0.09792338644762963,17134.921211322886,18.281461036635676,-2953.946925202894,-1606.8700135675517,-1347.0769116353422,-0.0033241439086123536,-0.04512280904119048,60922.66796875
2026-06-05,63807.69140625,63901.515625,59108.91796875,60922.66796875,71465606706,BTC-USD,73186.505859375,83263.84047189895,63109.17124685105,-0.10848619015705312,20154.669225047895,15.451070211671961,-3516.0926245389564,-1988.7145357618328,-1527.3780887771236,-0.04512280904119048,-0.0009069515189049637,60867.4140625
2026-06-06,60924.4765625,61491.703125,59496.625,60867.4140625,30898464957,BTC-USD,72358.408984375,83563.82516420053,61152.99280454945,-0.012742888682868126,22410.83235965108,15.40178385922998,-3920.8584541522578,-2375.143319439918,-1545.71513471234,-0.0009069515189049637,0.03897168140434348,63239.51953125
2026-06-07,60866.94140625,64128.04296875,60724.06640625,63239.51953125,36006496194,BTC-USD,71672.6763671875,83338.31207795315,60007.04065642184,0.1385470519984204,23331.271421531303,26.27457594076364,-4004.072745326179,-2700.9292046171704,-1303.1435407090084,0.03897168140434348,-0.0023550097882448773,63090.58984375
2026-06-08,63244.0859375,64185.765625,62384.66796875,63090.58984375,34133252457,BTC-USD,70989.660546875,82981.06464163048,58998.25645211953,0.1706361223128274,23982.80818951095,26.04822103414773,-4035.5190995755256,-2967.8471836088415,-1067.671915966684,-0.0023550097882448773,-0.022932240724538477,61643.78125
2026-06-09,63092.890625,63486.08984375,60756.6875,61643.78125,40144449754,BTC-USD,70198.9609375,82462.51440979478,57935.40746520522,0.151194912354423,24527.106944589555,23.894603807963392,-4129.582665516471,-3200.1942799903672,-929.3883855261038,-0.022932240724538477,-0.0031550982687325035,61449.2890625
2026-06-10,61643.20703125,62788.27734375,60788.0234375,61449.2890625,27493506779,BTC-USD,69394.466796875,81737.13720247477,57051.79639127523,0.17814186584896824,24685.340811199538,23.61198651061177,-4171.733466717873,-3394.5021173358687,-777.2313493820043,-0.0031550982687325035,0.0343659895373587,63561.0546875
2026-06-11,61448.87890625,63851.94921875,61447.96875,63561.0546875,29316677897,BTC-USD,68798.107421875,81057.70995988374,56538.50488386626,0.28641017446779204,24519.205076017475,32.892991813882404,-3988.756540687995,-3513.3530020062944,-475.4035386817004,0.0343659895373587,-0.000280918383714468,63543.19921875
2026-06-12,63547.44140625,64334.015625,62778.79296875,63543.19921875,26881868307,BTC-USD,68141.5990234375,80045.07372835097,56238.124318524046,0.3068463235029432,23806.94940982692,32.85664191538197,-3801.367003092644,-3570.9558022235647,-230.4112008690795,-0.000280918383714468,0.013819338824553329,64421.32421875
2026-06-13,63541.515625,64700.87890625,63431.3203125,64421.32421875,16956245530,BTC-USD,67513.608984375,78794.3832982367,56232.834670513286,0.3629400482808514,22561.548627723416,36.56917194686821,-3541.1815590724436,-3565.0009535933405,23.81939452089682,0.013819338824553329,0.020010054657876974,65710.3984375
2026-06-14,64420.16796875,65749.78125,63634.0234375,65710.3984375,21572226975,BTC-USD,66935.132421875,77302.94020495286,56567.32463879713,0.44093573058067387,20735.615566155728,41.668104538715184,-3194.145087656929,-3490.8297804060585,296.6846927491297,0.020010054657876974,0.00881293640382963,66289.5
2026-06-15,65711.109375,67248.1328125,65315.8359375,66289.5,32927321950,BTC-USD,66458.320703125,75990.20657074607,56926.43483550394,0.49114442275801506,19063.77173524213,43.85172330749692,-2839.653766460644,-3360.594577616976,520.9408111563321,0.00881293640382963,-0.010391681563445165,65600.640625
2026-06-16,66289.4609375,66928.609375,65315.0703125,65600.640625,25063963967,BTC-USD,66021.117578125,74841.569912659,57200.665243591015,0.47616466042910577,17640.90466906799,41.845055877307836,-2584.5094191819517,-3205.3775459299713,620.8681267480197,-0.010391681563445165,-0.01802109402037566,64418.4453125
2026-06-17,65600.4296875,66354.625,63870.9296875,64418.4453125,31288885189,BTC-USD,65565.212109375,73700.71042780938,57429.71379094064,0.42952080180039326,16270.996636868738,38.58205330317398,-2449.463081779206,-3054.1946530998184,604.7315713206126,-0.01802109402037566,-0.0236263487711752,62896.47265625
2026-06-18,64419.64453125,64736.921875,62201.14453125,62896.47265625,30432454936,BTC-USD,65041.4095703125,72411.78734274824,57671.03179787675,0.35448935045878655,14740.755544871492,34.81781524693615,-2437.1543617282878,-2930.786594825512,493.63223309722434,-0.0236263487711752,0.010244823819797633,63540.8359375
2026-06-19,62897.515625,63568.22265625,62275.58203125,63540.8359375,22361931660,BTC-USD,64530.7095703125,70739.1550265144,58322.2641141106,0.42028007334560125,12416.890912403804,37.59386746641869,-2348.334739688624,-2814.2962237981346,465.9614841095108,0.010244823819797633,0.01099827903487749,64239.67578125
2026-06-20,63535.80859375,64307.13671875,63149.66015625,64239.67578125,17486384117,BTC-USD,64063.708984375,68680.26361011609,59447.15435863391,0.5190582383552704,9233.10925148218,40.55102620304957,-2196.237159504424,-2690.6844109393924,494.44725143496817,0.01099827903487749,-0.015599965388407244,63237.5390625
2026-06-21,64242.32421875,64506.578125,63221.0,63237.5390625,15739619591,BTC-USD,63659.597265625,66863.62107419896,60455.57345705103,0.4341362255181172,6408.047617147931,37.78592264993953,-2131.9865752774203,-2578.9448438069985,446.95826852957816,-0.015599965388407244,0.01129971875635083,63952.10546875
2026-06-22,63240.7890625,65544.0,63233.53125,63952.10546875,26561496819,BTC-USD,63522.0197265625,66412.33310725311,60631.70634587189,0.5744012301677703,5780.626761381223,40.881443107440745,-2000.349206791565,-2463.225716403912,462.87650961234704,0.01129971875635083,-0.02007886883610832,62668.01953125
2026-06-23,63952.79296875,64196.5625,61893.20703125,62668.01953125,29608942370,BTC-USD,63454.70234375,66358.69390378334,60550.71078371668,0.3645514636945127,5807.9831200666595,37.29071966710044,-1976.8527198662778,-2365.951117096385,389.09839723010737,-0.02007886883610832,-0.026694424544815853,60995.1328125
2026-06-24,62663.03125,63097.7578125,59029.85546875,60995.1328125,42644106535,BTC-USD,63314.3802734375,66403.10788903509,60225.6526578399,0.1245626436553268,6177.455231195192,33.19957036267223,-2069.365208017516,-2306.6339352806117,237.26872726309557,-0.026694424544815853,-0.02087801063020267,59721.67578125
2026-06-25,60992.0703125,61868.90625,58075.921875,59721.67578125,40625024718,BTC-USD,63254.3306640625,66565.41236419753,59943.24896392748,-0.033459334855501045,6622.163400270052,30.46003212169728,-2219.850308543202,-2289.27720993313,69.42690138992793,-0.02087801063020267,0.004935459402204856,60016.4296875
2026-06-26,59712.0546875,60647.1875,58269.125,60016.4296875,41502864671,BTC-USD,63211.7814453125,66663.35306634923,59760.20982427578,0.037116405416970984,6903.143242073449,31.861545157461904,-2288.941169042897,-2289.210001755084,0.2688327121868497,0.004935459402204856,-0.0012718522519159503,59940.09765625
2026-06-27,60016.3125,60835.046875,59794.62109375,59940.09765625,15099836554,BTC-USD,63046.8103515625,66781.12607079333,59312.49463233167,0.0840318643501842,7468.631438461656,31.68346021716522,-2323.076550342739,-2295.9833114726152,-27.09323887012397,-0.0012718522519159503,-0.006802755224698642,59532.33984375
2026-06-28,59940.3515625,60432.70703125,58879.6328125,59532.33984375,16282230874,BTC-USD,62868.8978515625,66904.78929231498,58833.00641081002,0.08663927699819299,8071.782881504958,30.696434541209996,-2355.8746768557976,-2307.9615845492517,-47.91309230654588,-0.006802755224698642,0.010179997360940662,60138.37890625
2026-06-29,59522.7890625,60682.33984375,58856.1875,60138.37890625,30829983083,BTC-USD,62793.627734375,66971.75195033972,58615.503518410274,0.1822439100806025,8356.248431929445,33.98799458341824,-2306.378643618402,-2307.6449963630816,1.266352744679807,0.010179997360940662,-0.026264750729518727,58558.859375
2026-06-30,60136.453125,60173.21875,58111.671875,58558.859375,32747419391,BTC-USD,62649.10625,67187.65000816958,58110.56249183041,0.04938774495262227,9077.087516339176,29.99008501500751,-2367.31774094102,-2319.5795452786697,-47.738195662350336,-0.026264750729518727,0.024674292718837698,60003.7578125
2026-07-01,58562.4453125,61223.76953125,57747.765625,60003.7578125,37904450118,BTC-USD,62471.24140625,67130.11246208278,57812.37035041723,0.2351843864984432,9317.742111665546,37.260294217429305,-2272.821514587624,-2310.2279391404604,37.4064245528366,0.024674292718837698,0.024690836420271145,61485.30078125
2026-07-02,60004.76953125,62117.875,59532.32421875,61485.30078125,40109297349,BTC-USD,62368.346484375,67018.86550142405,57717.82746732594,0.4050594460652994,9301.038034098114,43.71453588675211,-2054.6991458396515,-2259.1221804802985,204.42303464064707,0.024690836420271145,0.017221977026140145,62544.19921875
2026-07-03,61492.06640625,62879.0078125,61176.72265625,62544.19921875,26131813598,BTC-USD,62274.490234375,66830.29230059213,57718.68816815787,0.5296006038514037,9111.604132434266,47.844335394065254,-1775.9196465831046,-2162.48167370086,386.5620271177554,0.017221977026140145,0.008699535297381988,63088.3046875
2026-07-04,62545.12890625,63398.41015625,62287.5859375,63088.3046875,18608397613,BTC-USD,62143.385546875,66439.65654239811,57847.114551351886,0.6099696855260814,8592.541991046222,49.87932904990557,-1493.8598345976789,-2028.7573058802238,534.897471282545,0.008699535297381988,0.00728468021571449,63547.8828125
2026-07-05,63089.05859375,63935.84765625,62413.9921875,63547.8828125,18267466154,BTC-USD,62006.3046875,65922.84005962324,58089.76931537676,0.696803804706132,7833.070744246477,51.597209423336764,-1219.1872558672403,-1866.8432958776273,647.656040010387,0.00728468021571449,0.0070361559301554966,63995.015625
2026-07-06,63551.015625,64597.5703125,61275.828125,63995.015625,36552222303,BTC-USD,61926.0234375,65603.0620662,58248.9848088,0.7813394685809274,7354.0772574,53.27518452593332,-954.4253557978955,-1684.359707861681,729.9343520637856,0.0070361559301554966,-0.010901178582999993,63297.39453125
2026-07-07,63994.59765625,64257.6328125,62623.93359375,63297.39453125,31026493556,BTC-USD,61869.9708984375,65425.49391244957,58314.44788442543,0.7007332855373344,7111.046028024139,50.342804433520854,-791.7648620165273,-1505.8407386926506,714.0758766761232,-0.010901178582999993,-0.01642753734494773,62257.57421875
2026-07-08,63293.51953125,63706.88671875,61492.6484375,62257.57421875,27349235354,BTC-USD,61838.0259765625,65367.46900430217,58308.582948822834,0.5594354745054755,7058.8860554793355,46.25597496973774,-738.2499717374885,-1352.3225853016183,614.0726135641298,-0.01642753734494773,0.015027476262771566,63193.1484375
2026-07-09,62257.31640625,63422.94140625,61645.75390625,63193.1484375,26546256117,BTC-USD,61820.6416015625,65319.65835549459,58321.62484763041,0.6961275027327488,6998.03350786418,50.175192526888,-613.2765448466525,-1204.513377210625,591.2368323639726,0.015027476262771566,0.014779959704393386,64127.140625
2026-07-10,63194.359375,64658.96875,62902.0625,64127.140625,27450201269,BTC-USD,61815.01484375,65298.78204022107,58331.247647278935,0.8318427510874001,6967.534392942136,53.79749248503214,-433.86748551797064,-1050.3841988720942,616.5167133541236,0.014779959704393386,-0.005069823448876076,63802.02734375
2026-07-11,64127.96875,64445.4609375,63785.62109375,63802.02734375,13954689047,BTC-USD,61843.2392578125,65381.37098422636,58305.10753139864,0.7768110739510065,7076.263452827727,52.37024419387578,-314.2954359952928,-903.166446296734,588.8710103014412,-0.005069823448876076,-0.0006866332556169086,63758.21875
2026-07-12,63791.40234375,64243.1328125,63606.82421875,63758.21875,19043437787,BTC-USD,61833.544921875,65349.50370218405,58317.58614156595,0.7737054027629733,7031.917560618094,52.16939845975114,-220.52661907871516,-766.6384808531303,546.1118617744152,-0.0006866332556169086,-0.023825911169295333,62239.12109375
2026-07-13,63757.171875,64340.8828125,61769.0,62239.12109375,37650044790,BTC-USD,61812.1,65312.636449979575,58311.56355002042,0.5609936648070745,7001.072899959152,45.633927022029944,-265.7294773312169,-666.4566801487476,400.7272028175307,-0.023825911169295333,0.043654089899621606,64956.11328125
2026-07-14,62238.5859375,65046.1328125,62207.5234375,64956.11328125,29841287318,BTC-USD,62010.1490234375,65743.82530832646,58276.47273854854,0.8945125438077602,7467.352569777919,56.20213618367595,-81.37644844265014,-549.4406338075282,468.0641853648781,0.043654089899621606,-0.0037523532264722714,64712.375
2026-07-15,64959.80859375,65507.59375,64442.8203125,64712.375,27029791676,BTC-USD,62259.683984375,66015.2466456898,58504.12132306019,0.8265410854263755,7511.125322629603,55.16612146451784,44.543542620391236,-430.64379852194435,475.1873411423356,-0.0037523532264722714,-0.014264562998962727,63789.28125
2026-07-16,64713.296875,64931.85546875,63701.8046875,63789.28125,27232426674,BTC-USD,62448.3265625,66112.1227365314,58784.53038846861,0.6830007216291868,7327.59234806279,51.308586239500954,69.05407929234207,-330.7042229590871,399.75830225142914,-0.014264562998962727,0.0017272445360874134,63899.4609375
2026-07-17,63789.91015625,64332.01953125,62489.453125,63899.4609375,27280236800,BTC-USD,62646.2947265625,66171.85178531925,59120.73766780575,0.6777259862841958,7051.114117513498,51.74234085582399,96.25981296076498,-245.31141577511664,341.5712287358816,0.0017272445360874134,0.014039877830542169,64796.6015625
2026-07-18,63899.1796875,64816.50390625,63845.015625,64796.6015625,14162542470,BTC-USD,62909.5078125,66246.84941254815,59572.166212451855,0.7827240924292513,6674.683200096297,55.238864660275446,188.04464204046235,-158.64020421200084,346.6848462524632,0.014039877830542169,-0.0016327534538667088,64690.8046875
2026-07-19,64799.27734375,64909.88671875,64250.9140625,64690.8046875,15000653941,BTC-USD,63137.1291015625,66304.04807413505,59970.21012898996,0.7452976535543343,6333.837945145089,54.735208655986085,249.3732372790837,-77.03751591378393,326.4107531928676,-0.0016327534538667088,0.008335383349377112,65230.02734375
2026-07-20,64684.41796875,65735.71875,63720.390625,65230.02734375,30988932408,BTC-USD,63470.6875,65974.33780121332,60967.03719878669,0.8513549481925228,5007.300602426629,56.8925628369119,337.59575897851755,5.889139064676357,331.7066199138412,0.008335383349377112,0.019547709976119876,66505.125
2026-07-21,65228.87109375,66910.0625,65113.65625,66505.125,29554470321,BTC-USD,63795.755859375,66094.28342596318,61497.22829278682,1.0893705996849659,4597.055133176356,61.55833106609229,504.585915122203,105.62849427618168,398.9574208460213,0.019547709976119876,-0.0060796536357160536,66100.796875
2026-07-22,66506.7890625,66694.6484375,65514.17578125,66100.796875,28142272410,BTC-USD,64026.5306640625,66277.1312984682,61775.93002965679,0.9608250302669172,4501.201268811412,59.36416005577971,597.4142962590195,203.98565467274926,393.4286415862702,-0.0060796536357160536,-0.01597536527429344,65044.8125
2026-07-23,66100.1328125,66282.3828125,64610.609375,65044.8125,24364433538,BTC-USD,64151.561328125,66335.72955069652,61967.39310555348,0.7044831443485012,4368.336445143039,53.95507104404963,579.0968749700987,279.0078987322192,300.08897623787954,-0.01597536527429344,-0.01454868374399576,64098.49609375
2026-07-24,65044.95703125,65760.484375,63686.03515625,64098.49609375,25917559237,BTC-USD,64202.0708984375,66331.58873230784,62072.55306456716,0.4756811605331209,4259.035667740674,49.59400611318712,482.65659653896,319.7376382935674,162.91895824539262,-0.01454868374399576,0.003327947132145015,64311.8125
2026-07-25,64098.4921875,64386.0625,63753.02734375,64311.8125,13817493398,BTC-USD,64240.2673828125,66348.78025983354,62131.754505791454,0.5169657766777748,4217.025754042086,50.56401573417381,418.61430713804293,339.5129720624625,79.10133507558044,0.003327947132145015,0.0159922142024842,65340.30078125
2026-07-26,64311.78515625,65503.76953125,64233.453125,65340.30078125,14301494281,BTC-USD,64307.531640625,66465.70532261652,62149.35795863349,0.7392692370504634,4316.347363983026,55.054938732543995,445.71284007592476,360.752945665155,84.95989441076978,0.0159922142024842,-0.024722909512739144,63724.8984375
2026-07-27,65340.58984375,65658.3359375,63562.484375,63724.8984375,26183821002,BTC-USD,64328.9068359375,66454.86613462401,62202.94753725099,0.3579445056143176,4251.91859737302,47.72201393777707,333.00053116599156,355.20246276532237,-22.201931599330806,-0.024722909512739144,0.0022983927372384194,63871.36328125
2026-07-28,63723.48828125,64026.921875,62714.8046875,63871.36328125,24128738898,BTC-USD,64409.5962890625,66327.26290424132,62491.929673883686,0.3596646039639395,3835.3332303576317,48.39317302098963,252.58209398680629,334.6783890096192,-82.09629502281291,0.0022983927372384194,0.0005762314378343625,63908.16796875
2026-07-29,63871.39453125,64638.6953125,63206.2109375,63908.16796875,28611167472,BTC-USD,64445.347265625,66296.47387248871,62594.22065876129,0.35490476586441533,3702.2532137274247,48.571847273465586,189.63375395767798,305.669461999231,-116.035708041553,0.0005762314378343625,0.012786168825862365,64725.30859375
2026-07-30,63908.625,65071.4453125,63533.90625,64725.30859375,26250039650,BTC-USD,64475.2556640625,66324.1786590171,62626.3326691079,0.5676212395999876,3697.8459899091977,52.50366408241028,203.33919263619464,285.2034081266237,-81.86421549042905,0.012786168825862365,-0.02953346289931147,62813.74609375
2026-07-31,64723.96875,65328.18359375,62410.8671875,62813.74609375,30439749629,BTC-USD,64425.8416015625,66393.13028886153,62458.55291426347,0.09027479845222647,3934.5773745980623,44.02433422803354,59.27049994686968,240.01682649067288,-180.7463265438032,-0.02953346289931147,-0.0008027825816142586,62763.3203125
2026-08-01,62813.6640625,63091.59765625,62233.01171875,62763.3203125,13553286543,BTC-USD,64376.0966796875,66455.51436334244,62296.678996032555,0.11220480621460337,4158.83536730989,43.823274284085805,-58.30184866952186,180.35309145863397,-238.65494012815583,-0.0008027825816142586,0.011450632055819865,63482.0
2026-08-02,62763.4453125,63714.61328125,62745.25390625,63482.0,15901776708,BTC-USD,64438.240625,66323.73240882932,62552.74884117067,0.24642142882799292,3770.9835676586517,47.50315215591771,-92.42195472316234,125.79808222227472,-218.22003694543707,0.011450632055819865,-0.0003324022951387562,63460.8984375
2026-08-03,63485.44140625,64020.32421875,62226.578125,63460.8984375,26038889824,BTC-USD,64363.4798828125,66279.23658064065,62447.723184984345,0.26443213109062047,3831.5133956563004,47.40496273018695,-119.7843054236073,76.68160469309831,-196.4659101167056,-0.0003324022951387562,0.009376713884472476,64055.953125
2026-08-04,63458.41015625,64466.9375,63277.68359375,64055.953125,23662357784,BTC-USD,64330.6587890625,66243.87174356818,62417.44583455683,0.428208288728246,3826.4259090113483,50.511479557776106,-92.38823126671195,42.86763750113626,-135.2558687678482,0.009376713884472476,0.008454278620180888,64597.5
2026-08-05,64054.87890625,64954.34765625,63829.71875,64597.5,23568584891,BTC-USD,64371.0697265625,66270.93144579904,62471.20800732596,0.559591251074971,3799.7234384730837,53.21953372101022,-26.67089275328908,28.95993145025119,-55.63082420354027,0.008454278620180888,-0.005191945798986075,64262.11328125
2026-08-06,64595.44921875,64934.4921875,64098.4765625,64262.11328125,18529402711,BTC-USD,64389.20234375,66277.60132606464,62500.80336143536,0.46635005004497837,3776.7979646292806,51.34561509803369,-1.6335037584067322,22.841244408519607,-24.47474816692634,-0.005191945798986075,0.009618079665306256,64880.19140625
2026-08-07,64257.48828125,65330.609375,64113.2734375,64880.19140625,22165720102,BTC-USD,64393.3818359375,66285.73488729935,62501.028784575654,0.6286254618191262,3784.7061027236923,54.52357336850027,67.30667712087597,31.734330950990884,35.572346169885094,0.009618079665306256,0.0003775589007839475,64904.6875
2026-08-08,64882.546875,65140.48046875,64797.11328125,64904.6875,12350094271,BTC-USD,64404.0759765625,66305.42740076524,62502.724552359745,0.6316462377930521,3802.702848405497,54.65000089233569,122.50671603346564,49.88880796748584,72.6179080659798,0.0003775589007839475,-0.0009213630564047781,64844.88671875
2026-08-09,64906.55078125,65401.69140625,64677.6015625,64844.88671875,13234538380,BTC-USD,64384.8189453125,66259.93963348203,62509.69825714297,0.6226768432400505,3750.241376339065,54.25346954791979,159.58808914408291,71.82866420280526,87.75942494127766,-0.0009213630564047781,-0.014408241397696031,63910.5859375
2026-08-10,64845.3828125,65321.83984375,63752.56640625,63910.5859375,22384770392,BTC-USD,64255.0919921875,65865.86854458823,62644.31543978677,0.393062121442592,3221.55310480146,48.35071423742813,112.29066285873705,79.92106393399162,32.36959892474543,-0.014408241397696031,-0.005612699871830218,63551.875
2026-08-11,63910.17578125,64433.6796875,63185.47265625,63551.875,20824820662,BTC-USD,64127.6458984375,65523.07006307283,62732.221733802166,0.29369323212631726,2790.848329270666,46.269280451267605,45.33949154846778,73.00474945688686,-27.66525790841908,-0.005612699871830218,-0.0023514869742238265,63402.43359375
2026-08-12,63551.87109375,64381.078125,63251.11328125,63402.43359375,23063864553,BTC-USD,64045.526953125,65408.31166719433,62682.742239055675,0.2640517417256977,2725.569428138653,45.39257137816778,-19.553070991467393,54.49318536721601,-74.0462563586834,-0.0023514869742238265,-4.127897545336268e-06,63402.171875
2026-08-13,63404.42578125,63926.33203125,62799.2890625,63402.171875,18765583756,BTC-USD,64010.7107421875,65401.593019040214,62619.82846533478,0.28123998079675855,2781.764553705434,45.39094926706896,-70.19287309834908,29.555973674102994,-99.74884677245208,-4.127897545336268e-06,-0.006728131109467572,62975.59375
2026-08-14,63402.08984375,63551.5625,62487.69921875,62975.59375,20280053024,BTC-USD,63943.8998046875,65397.4677206708,62490.3318887042,0.16692094533729984,2907.1358319666033,42.71182785631738,-143.09703716388321,-4.974628493494247,-138.12240867038898,-0.006728131109467572,0.0007737372464233783,63024.3203125
2026-08-15,62974.3359375,63119.1328125,62850.9609375,63024.3203125,10033057106,BTC-USD,63828.10078125,65183.96219823968,62472.23936426033,0.20359047809820394,2711.722833979351,43.12477846247797,-194.6979295267447,-42.91928870014434,-151.77864082660037,0.0007737372464233783,-0.0032633111746420695,62818.65234375
2026-08-16,63023.421875,63310.77734375,62648.57421875,62818.65234375,9078986635,BTC-USD,63782.7884765625,65208.20576532395,62357.37118780104,0.16180565494254795,2850.83457752291,41.75659667576315,-249.31376088480465,-84.1981831370764,-165.11557774772825,-0.0032633111746420695,0.02686465722418352,64506.25390625
2026-08-17,62819.37890625,64547.84765625,62687.1015625,64506.25390625,21555405073,BTC-USD,63814.5330078125,65274.29152634506,62354.77448927993,0.7369299064385186,2919.517037065132,54.509878751145024,-154.63927322078234,-98.2864011538176,-56.35287206696475,0.02686465722418352,0.002704497946874218,64680.7109375
2026-08-18,64506.5234375,64987.7109375,63980.32421875,64680.7109375,18728001793,BTC-USD,63853.16015625,65360.88229445594,62345.43801804406,0.7744374312347475,3015.4442764118867,55.59239838495982,-64.78503368947713,-91.5861276609495,26.80109397147237,0.002704497946874218,0.07089403465170441,69266.1875
2026-08-19,64680.046875,69996.953125,64111.0703125,69266.1875,46228098443,BTC-USD,64080.2041015625,66868.58618783657,61291.822015288424,1.4299269680374374,5576.764172548144,73.46575463943535,372.1448801449078,1.1600739002219598,370.98480624468584,0.07089403465170441,0.054378195891032766,73032.7578125
2026-08-20,69268.25,73369.8046875,68867.53125,73032.7578125,55444322363,BTC-USD,64591.1546875,69328.20578140937,59854.10359359063,1.391018796045258,9474.102187818738,80.432505719434,1010.6950668511126,203.0670724904001,807.6279943607126,0.054378195891032766,0.0726034432536855,78335.1875
2026-08-21,73031.0859375,79463.7109375,73011.4140625,78335.1875,74478039014,BTC-USD,65369.748046875,72927.94323349098,57811.55286025902,1.3577073714690608,15116.39037323196,86.00371848548313,1922.4516261867248,546.943983229665,1375.5076429570597,0.0726034432536855,-0.01597970819307737,77083.4140625
2026-08-22,78332.5546875,78801.1484375,76526.7109375,77083.4140625,42131959963,BTC-USD,66049.81875,75105.51340040725,56994.124099592766,1.1092075615647998,18111.38930081448,80.1985286472142,2515.0259596982505,940.5603785233822,1574.4655811748685,-0.01597970819307737,0.008715903034020478,77755.265625
2026-08-23,77082.84375,78036.8671875,75624.9453125,77755.265625,31158396908,BTC-USD,66764.537109375,77061.39643153228,56467.67778721772,1.0336932443067672,20593.718644314562,80.94207342885521,3004.227331854592,1353.293769189624,1650.9335626649681,0.008715903034020478,0.01555159949979279,78964.484375
2026-08-24,77748.875,79970.109375,76688.828125,78964.484375,55502180329,BTC-USD,67509.963671875,79003.57607514918,56016.35126860081,0.99829941628543,22987.224806548365,82.23504785396055,3449.7304458590806,1772.5811045235155,1677.1493413355652,0.01555159949979279,-0.005059335417207933,78564.9765625
2026-08-25,78960.09375,81235.03125,77870.625,78564.9765625,46728068401,BTC-USD,68208.3375,80573.54656154993,55843.12843845006,0.9187813975060216,24730.418123099866,80.2967638351648,3727.5886105821555,2163.5826057352438,1564.0060048469118,-0.005059335417207933,0.005886150963618109,79027.421875
2026-08-26,78538.5859375,79240.5,77639.8359375,79027.421875,29329039002,BTC-USD,68946.6029296875,82023.84392245403,55869.36193692097,0.8854337069603804,26154.481985533064,80.8591586119121,3939.694335956854,2518.8049517795657,1420.8893841772883,0.005886150963618109,0.015565700592456544,80257.5390625
2026-08-27,79037.921875,80806.5625,78591.1015625,80257.5390625,34033075972,BTC-USD,69715.4703125,83533.20958048463,55897.73104451535,0.8814686521993407,27635.478535969283,82.30593718649669,4159.106240185385,2846.8652094607296,1312.2410307246555,0.015565700592456544,-0.030243264724449048,77830.2890625
2026-08-28,80264.6484375,81346.953125,76909.3515625,77830.2890625,39362871737,BTC-USD,70361.750390625,84425.90827994567,56297.592501304345,0.7655167387428892,28128.31577864132,70.91562368706289,4089.9861510175833,3095.4893977721003,994.496753245483,-0.030243264724449048,0.005338839705019138,78245.8125
2026-08-29,77830.890625,78327.9453125,77381.8984375,78245.8125,14053131399,BTC-USD,71031.7966796875,85256.74726420201,56806.84609517297,0.7535690995006262,28449.901169029043,71.63920706346616,4022.369875019809,3280.8654932216423,741.5043817981668,0.005338839705019138,-0.007390071992670499,77667.5703125
2026-08-30,78246.171875,79373.1796875,77056.1484375,77667.5703125,19314839672,BTC-USD,71719.6458984375,85830.67147403605,57608.62032283896,0.7107545047734848,28222.05115119709,69.06418674665343,3877.4276053632348,3400.177915649961,477.2496897132737,-0.007390071992670499,0.011344020373690089,78548.6328125
2026-08-31,77673.703125,79247.34375,77378.4375,78548.6328125,30608386987,BTC-USD,72469.4837890625,86356.76327465446,58582.20430347056,0.718874727398718,27774.5589711839,70.78718532805658,3789.9658259415446,3478.135497708278,311.83032823326675,0.011344020373690089,-0.014577055914304693,77403.625
2026-09-01,78539.859375,79196.515625,76399.0625,77403.625,30608796575,BTC-USD,73169.543359375,86560.69969301659,59778.38702573342,0.6580924580048413,26782.31266728317,65.66840746685106,3586.9114914835955,3499.8906964633416,87.0207950202539,-0.014577055914304693,-0.0013326047391191143,77300.4765625
2026-09-02,77402.140625,77737.546875,76248.3046875,77300.4765625,26525296646,BTC-USD,73864.45859375,86581.53576986017,61147.381417639815,0.635094641684049,25434.154352220357,65.21092873196605,3378.718488087965,3475.656254788267,-96.93776670030184,-0.0013326047391191143,0.051374400283148214,81271.7421875
2026-09-03,77300.1640625,82262.2109375,76940.8828125,81271.7421875,40504199354,BTC-USD,74779.266015625,86847.26733967317,62711.26469157684,0.7689955029644097,24136.002648096328,73.00756756144814,3493.8965154778416,3479.304306926182,14.592208551659496,0.051374400283148214,-0.019684251800695995,79671.96875
2026-09-04,81271.5390625,81433.1484375,78641.625,79671.96875,37501874897,BTC-USD,75611.6484375,86566.88336355021,64656.413511449784,0.6853141598472278,21910.469852100425,66.5383624873117,3416.701971945964,3466.783839930139,-50.081867984175005,-0.019684251800695995,0.001906548060543578,79823.8671875
2026-09-05,79671.703125,80194.5078125,79465.0625,79823.8671875,18559708494,BTC-USD,76461.9091796875,85839.63846319524,67084.17989617976,0.6792522425298121,18755.458567015477,66.83882648340177,3329.402396136691,3439.3075511714496,-109.90515503475854,0.001906548060543578,0.006591758906694389,80350.046875
2026-09-06,79824.6015625,80530.6484375,79327.5,80350.046875,19391863269,BTC-USD,77254.098828125,84991.51009433538,69516.68756191463,0.7000635574584967,15474.822532420745,67.91363529869861,3265.0378329398372,3404.4536075251276,-139.41577458529036,0.006591758906694389,-0.015360231393766743,79115.8515625
2026-09-07,80349.1953125,80432.3125,78684.9296875,79115.8515625,23414434445,BTC-USD,77975.855859375,83158.42359101257,72793.28812773744,0.6099836762543172,10365.135463275132,62.77418239250852,3078.9470210854342,3339.352290237189,-260.40526915175496,-0.015360231393766743,-0.00856052768344362,78438.578125
2026-09-08,79114.90625,79463.2734375,77635.6875,78438.578125,34680168667,BTC-USD,78434.475390625,81734.29941444752,75134.65136680247,0.5006216595711444,6599.648047645052,60.086951892473955,2844.034150446416,3240.2886622790347,-396.25451183261885,-0.00856052768344362,-0.0022827375480297674,78259.5234375
2026-09-09,78440.6015625,79737.296875,77768.1484375,78259.5234375,29192409298,BTC-USD,78695.813671875,80883.51997703225,76508.10736671776,0.40028592198447693,4375.412610314495,59.363434114333884,2613.291394669999,3114.889208757228,-501.5978140872289,-0.0022827375480297674,-0.021612685117496144,76568.125
2026-09-10,78260.3828125,78520.96875,76470.640625,76568.125,30120111719,BTC-USD,78607.460546875,80981.11497592583,76233.80611782416,0.07042282104845478,4747.308858101664,52.885313496028,2267.802563709338,2945.4718797476503,-677.6693160383124,-0.021612685117496144,0.007910235166395996,77173.796875
2026-09-11,76559.125,79818.3359375,76162.9140625,77173.796875,37410998193,BTC-USD,78611.9796875,80974.32776209195,76249.63161290805,0.19560311031886773,4724.696149183903,54.78796914295451,2019.59223245857,2760.2959502898343,-740.7037178312644,0.007910235166395996,0.001252651533480753,77270.46875
2026-09-12,77175.0703125,77479.65625,77045.0,77270.46875,12664765797,BTC-USD,78587.73984375,80994.28854833455,76181.19113916544,0.2263153055575914,4813.097409169102,55.09964351700453,1809.8218691429065,2570.201134060449,-760.3792649175425,0.001252651533480753,-0.005594795877305936,76838.15625
2026-09-13,77270.1796875,77415.65625,76498.3828125,76838.15625,13607872549,BTC-USD,78481.4234375,80997.38949778867,75965.45737721132,0.1734321632082247,5031.932120577345,53.329151042685616,1590.3606515121937,2374.233037550798,-783.8723860386044,-0.005594795877305936,0.017246985445463547,78163.3828125
2026-09-14,76830.28125,79568.953125,76367.375,78163.3828125,29909358382,BTC-USD,78461.34375,80980.72982283893,75941.95767716107,0.440866360119978,5038.772145677853,57.8050734928521,1506.0104130378459,2200.5885126482076,-694.5780996103617,0.017246985445463547,-0.032635166342775745,75612.5078125
2026-09-15,78162.484375,78242.546875,74944.59375,75612.5078125,39694675220,BTC-USD,78290.598046875,81081.61473520023,75499.58135854978,0.020230343735060368,5582.033376650448,48.21903634061731,1219.2729280447093,2004.3253957275078,-785.0524676827986,-0.032635166342775745,0.007112745173505353,76150.3203125
2026-09-16,75611.796875,76474.078125,74995.5234375,76150.3203125,30053315577,BTC-USD,78085.237109375,80871.53717580166,75298.93704294834,0.15278025504330073,5572.600132853317,50.09799632804684,1023.628625807396,1808.1860417434855,-784.5574159360895,0.007112745173505353,0.003328326446427221,76403.7734375
2026-09-17,76152.0546875,77079.1640625,75945.5546875,76403.7734375,21917458567,BTC-USD,78013.911328125,80894.11668652075,75133.70596972926,0.22048210278974023,5760.410716791492,51.00038067043227,878.8992522504559,1622.3286838448798,-743.4294315944239,0.003328326446427221,0.05886734774532054,80901.4609375
2026-09-18,76405.015625,81331.765625,76228.328125,80901.4609375,40378562386,BTC-USD,78146.69375,81290.24129042507,75003.14620957494,0.9381621642546406,6287.095080850122,63.58478699396932,1114.2812330562592,1520.719193687156,-406.43796063089667,0.05886734774532054,0.004106461689939778,81233.6796875
2026-09-19,80900.2890625,81911.140625,80814.9375,81233.6796875,20505634866,BTC-USD,78324.99921875,81733.03448267552,74916.96395482449,0.9267386108850969,6816.070527851029,64.31384046958539,1312.50073388069,1479.0755017258628,-166.5747678451728,0.004106461689939778,-0.0011210905729045484,81142.609375
2026-09-20,81234.3046875,81455.203125,80098.7734375,81142.609375,21259753701,BTC-USD,78454.698046875,82077.56986599333,74831.82622775667,0.8709641773607022,7245.743638236658,63.93595598248151,1445.578771035085,1472.3761555877072,-26.797384552622134,-0.0011210905729045484,0.06729269282264805,86602.9140625
2026-09-21,81143.625,87363.7578125,80867.0859375,86602.9140625,57676223471,BTC-USD,78914.6625,83948.21640978295,73881.10859021706,1.263700131189369,10067.107819565892,73.8549698982723,1968.9482194206066,1571.6905683542873,397.25765106631934,0.06729269282264805,-0.004972497948385612,86172.28125
2026-09-22,86604.375,86700.0,85098.0078125,86172.28125,40800687783,BTC-USD,79358.252734375,85237.28858342925,73479.21688532074,1.0795192179956816,11758.071698108513,72.16911429051264,2322.2048766238586,1721.7934300082015,600.411446615657,-0.004972497948385612,-0.020763909363255895,84383.0078125
2026-09-23,86176.765625,87265.4921875,83519.734375,84383.0078125,46088463341,BTC-USD,79513.816015625,85741.46461828044,73286.16741296955,0.8909334090236561,12455.297205310897,65.48090852753285,2429.7749762660096,1863.3897392597632,566.3852370062464,-0.020763909363255895,-4.675482188032376e-05,84379.0625
2026-09-24,84381.59375,84876.2265625,82906.6171875,84379.0625,37106744985,BTC-USD,79749.170703125,86328.77266796376,73169.56873828624,0.8518367692770047,13159.203929677518,65.46650175290908,2486.0490752589685,1987.9216064596044,498.1274687993641,-4.675482188032376e-05,-0.004078507331128467,84034.921875
2026-09-25,84379.515625,85230.0546875,83165.53125,84034.921875,34118533914,BTC-USD,79959.7234375,86799.77087215925,73119.67600284074,0.7978925567716487,13680.094869318506,64.14086033476988,2474.354612073861,2085.208207582456,389.14640449140506,-0.004078507331128467,0.004421153036265668,84406.453125
2026-09-26,84035.8203125,84423.1796875,83781.109375,84406.453125,15169336375,BTC-USD,80162.54375,87272.10879276489,73052.9787072351,0.798464768904453,14219.130085529789,64.96565347485785,2466.6323305234255,2161.4930321706497,305.13929835277577,0.004421153036265668,0.0006117164101604455,84458.0859375
2026-09-27,84412.71875,85126.109375,84121.328125,84458.0859375,19386591468,BTC-USD,80429.65546875,87759.8494665903,73099.46147090971,0.774783346111774,14660.38799568059,65.08584168514625,2436.5911966246786,2216.5126650614557,220.0785315632229,0.0006117164101604455,-0.011313026478093069,83502.609375
2026-09-28,84454.1171875,84972.6640625,82570.71875,83502.609375,42589028679,BTC-USD,80682.85703125,88070.07783918531,73295.63622331468,0.6908533951442904,14774.44161587063,60.920862549388595,2309.0669220985874,2235.023516468882,74.04340562970538,-0.011313026478093069,0.0014349289608652782,83622.4296875
2026-09-29,83500.3203125,84511.28125,82739.09375,83622.4296875,28029782264,BTC-USD,80951.00234375,88356.21212941337,73545.79255808664,0.6803748591243108,14810.419571326725,61.25569632313111,2192.398903770765,2226.4985939292587,-34.09969015849356,0.0014349289608652782,-0.000820092471078393,83553.8515625
2026-09-30,83621.3984375,85599.8046875,82927.875,83553.8515625,36290317874,BTC-USD,81300.288671875,88501.8281088747,74098.74923487529,0.6564639692901467,14403.078873999417,60.93389850489993,2070.5371141547075,2195.3062979743486,-124.76918381964106,-0.000820092471078393,0.015549851690895844,84853.1015625
2026-10-01,83554.25,85224.2734375,83132.7578125,84853.1015625,32802609098,BTC-USD,81684.25390625,88782.94125216475,74585.56656033525,0.7231995509756922,14197.374691829493,64.7157880330673,2055.1093631545955,2167.266911010398,-112.15754785580248,0.015549851690895844,-0.0041941970116184946,84497.2109375
2026-10-02,84855.6484375,87146.3515625,83852.6953125,84497.2109375,46528418756,BTC-USD,82045.591015625,88941.6297031201,75149.55232812991,0.6777556676357278,13792.077374990185,62.918991008364124,1991.2119088023464,2132.055910568788,-140.84400176644158,-0.0041941970116184946,0.003152378457757843,84763.578125
2026-10-03,84503.1875,85019.328125,84429.6484375,84763.578125,12574826191,BTC-USD,82441.862109375,88997.8701842754,75885.8540344746,0.6770678123867531,13112.016149800795,63.730656955372076,1939.706591616923,2093.586046778415,-153.87945516149193,0.003152378457757843,0.020253115789524045,86480.3046875
2026-10-04,84765.515625,86766.1484375,84707.3203125,86480.3046875,15031650242,BTC-USD,82857.708203125,89329.97648063138,76385.43992561863,0.779855247731689,12944.536555012746,68.51416093142001,2014.1953527495352,2077.707907972639,-63.512555223103845,0.020253115789524045,-0.00802160607558855,85786.59375
2026-10-05,86480.0078125,86971.78125,84971.8671875,85786.59375,30242651384,BTC-USD,83366.4125,89029.64698028199,77703.17801971802,0.7136748229679064,11326.468960563972,64.7952828686869,1994.2629357992846,2061.0189135379683,-66.75597773868367,-0.00802160607558855,-0.0031352327414212455,85517.6328125
